event_id,team_id,team,ha,opponent,opp_id,team_score,opp_score,team_pen,team_pen_yds,opp_pen,opp_pen_yds,margin,one_score,line_details,spread,over_under,our_ml,opp_ml
401520156,194,Ohio State,away,IU,84,23,3,5,41,8,75,20,False,OSU -27.5,27.5,59.5,-8889,2000
401520162,130,Michigan,home,ECU,151,30,3,5,35,10,88,27,False,MICH -34.5,-34.5,52.0,-10000,2000
401520169,213,Penn State,home,WVU,277,38,15,1,5,5,55,23,False,PSU -20.5,-20.5,53.5,-1385,814
401520202,130,Michigan,home,UNLV,2439,35,7,4,30,3,35,28,False,,,,,
401520208,194,Ohio State,home,YSU,2754,35,7,6,65,9,76,28,False,,,,,
401520209,213,Penn State,home,DEL,48,63,7,7,55,5,33,56,False,,,,,
401520226,213,Penn State,away,ILL,356,30,13,7,70,6,47,17,False,,,,,
401520232,130,Michigan,home,BGSU,189,31,6,1,10,2,15,25,False,,,,,
401520240,194,Ohio State,home,WKU,98,63,10,5,40,3,24,53,False,,,,,
401520260,130,Michigan,home,RUTG,164,31,7,3,18,5,30,24,False,,,,,
401520265,213,Penn State,home,IOWA,2294,31,0,4,45,4,28,31,False,,,,,
401520286,130,Michigan,away,NEB,158,45,7,0,0,4,30,38,False,,,,,
401520287,213,Penn State,away,NU,77,41,13,6,45,4,18,28,False,,,,,
401520303,130,Michigan,away,MINN,135,52,10,1,10,4,36,42,False,,,,,
401520307,194,Ohio State,home,MD,120,37,17,10,81,4,50,20,False,,,,,
401520321,130,Michigan,home,IU,84,52,7,2,20,5,47,45,False,,,,,
401520322,213,Penn State,home,MASS,113,63,0,6,60,9,81,63,False,,,,,
401520323,194,Ohio State,away,PUR,2509,41,7,9,51,5,41,34,False,,,,,
401520340,130,Michigan,away,MSU,127,49,0,7,75,11,102,49,False,,,,,
401520343,194,Ohio State,home,PSU,213,20,12,6,54,5,32,8,True,,,,,
401520343,213,Penn State,away,OSU,194,12,20,5,32,6,54,-8,True,,,,,
401520358,213,Penn State,home,IU,84,33,24,6,60,5,35,9,False,,,,,
401520360,194,Ohio State,away,WIS,275,24,10,6,25,5,26,14,False,,,,,
401520367,213,Penn State,away,MD,120,51,15,7,76,4,45,36,False,,,,,
401520368,130,Michigan,home,PUR,2509,41,13,1,10,5,58,28,False,,,,,
401520375,194,Ohio State,away,RUTG,164,35,16,5,57,3,30,19,False,,,,,
401520393,194,Ohio State,home,MSU,127,38,3,3,25,5,36,35,False,,,,,
401520394,213,Penn State,home,MICH,130,15,24,5,33,6,50,-9,False,,,,,
401520394,130,Michigan,away,PSU,213,24,15,6,50,5,33,9,False,,,,,
401520410,130,Michigan,away,MD,120,31,24,2,25,6,35,7,True,,,,,
401520415,194,Ohio State,home,MINN,135,37,3,5,43,1,15,34,False,,,,,
401520417,213,Penn State,home,RUTG,164,27,6,1,2,6,48,21,False,,,,,
401520434,130,Michigan,home,OSU,194,30,24,3,34,1,5,6,True,,,,,
401520434,194,Ohio State,away,MICH,130,24,30,1,5,3,34,-6,True,,,,,
401520435,213,Penn State,away,MSU,127,42,0,4,30,6,30,42,False,,,,,
401521330,87,Notre Dame,home,OSU,194,14,17,4,50,5,35,-3,True,,,,240,-305
401521330,194,Ohio State,away,ND,87,17,14,5,35,4,50,3,True,,,,-305,240
401539480,130,Michigan,away,IOWA,2294,26,0,3,25,7,46,26,False,,,,,
401628347,130,Michigan,home,TEX,251,12,31,4,30,7,45,-19,False,,,,,
401628452,130,Michigan,home,FRES,278,30,10,5,70,3,19,20,False,,,,,
401628455,194,Ohio State,home,AKR,2006,52,6,7,45,5,35,46,False,,,,,
401628457,213,Penn State,away,WVU,277,34,12,8,60,1,5,22,False,,,,,
401628468,194,Ohio State,home,WMU,2711,56,0,6,58,1,2,56,False,,,,,
401628470,213,Penn State,home,BGSU,189,34,27,7,76,3,18,7,True,,,,,
401628479,130,Michigan,home,ARST,2032,28,18,7,69,3,25,10,False,,,,,
401628489,130,Michigan,home,USC,30,27,24,3,25,6,32,3,True,,,,,
401628492,194,Ohio State,home,MRSH,276,49,14,5,54,8,52,35,False,,,,,
401628493,213,Penn State,home,KENT,2309,56,0,7,65,2,20,56,False,,,,,
401628495,213,Penn State,home,ILL,356,21,7,6,63,9,60,14,False,,,,,
401628497,130,Michigan,home,MINN,135,27,24,5,54,7,51,3,True,,,,,
401628498,194,Ohio State,away,MSU,127,38,7,4,40,2,19,31,False,,,,,
401628504,194,Ohio State,home,IOWA,2294,35,7,1,10,1,5,28,False,,,,,
401628505,130,Michigan,away,WASH,264,17,27,5,40,2,20,-10,False,,,,,
401628510,213,Penn State,home,UCLA,26,27,11,2,20,5,45,16,False,,,,,
401628515,194,Ohio State,away,ORE,2483,31,32,8,70,3,25,-1,True,,,,,
401628516,213,Penn State,away,USC,30,33,30,3,25,5,60,3,True,,,,,
401628518,130,Michigan,away,ILL,356,7,21,6,61,6,50,-14,False,,,,,
401628529,130,Michigan,home,MSU,127,24,17,0,0,6,35,7,True,,,,,
401628530,194,Ohio State,home,NEB,158,21,17,3,36,7,62,4,True,,,,,
401628531,213,Penn State,away,WIS,275,28,13,6,41,5,33,15,False,,,,,
401628536,130,Michigan,home,ORE,2483,17,38,5,35,2,10,-21,False,,,,,
401628539,213,Penn State,home,OSU,194,13,20,5,45,2,15,-7,True,,,,,
401628539,194,Ohio State,away,PSU,213,20,13,2,15,5,45,7,True,,,,,
401628541,130,Michigan,away,IU,84,15,20,3,30,5,54,-5,True,,,,,
401628545,194,Ohio State,home,PUR,2509,45,0,3,44,0,0,45,False,,,,,
401628546,213,Penn State,home,WASH,264,35,6,5,54,4,24,29,False,,,,,
401628550,194,Ohio State,away,NU,77,31,7,3,32,2,10,24,False,,,,,
401628552,213,Penn State,away,PUR,2509,49,10,3,26,4,34,39,False,,,,,
401628555,194,Ohio State,home,IU,84,38,15,8,58,3,15,23,False,,,,,
401628557,130,Michigan,home,NU,77,50,6,1,15,2,14,44,False,,,,,
401628559,213,Penn State,away,MINN,135,26,25,2,10,1,15,1,True,,,,,
401628565,213,Penn State,home,MD,120,44,7,5,47,2,8,37,False,,,,,
401628566,194,Ohio State,home,MICH,130,10,13,2,19,4,50,-3,True,,,,,
401628566,130,Michigan,away,OSU,194,13,10,4,50,2,19,3,True,,,,,
401673464,213,Penn State,away,ORE,2483,37,45,5,65,3,24,-8,True,,,,,
401752677,194,Ohio State,home,TEX,251,14,7,2,15,6,50,7,True,,,,,
401752690,130,Michigan,away,OU,201,13,24,3,32,5,48,-11,False,,,,,
401752807,213,Penn State,home,NEV,2440,46,11,5,45,3,14,35,False,,,,,
401752808,130,Michigan,home,UNM,167,34,17,8,65,1,5,17,False,,,,,
401752811,213,Penn State,home,FIU,2229,34,0,1,10,4,40,34,False,,,,,
401752815,194,Ohio State,home,GRAM,2755,70,0,3,15,6,40,70,False,,,,,
401752827,194,Ohio State,home,OHIO,195,37,9,6,50,3,25,28,False,,,,,
401752835,213,Penn State,home,VILL,222,52,6,5,25,4,29,46,False,,,,,
401752839,130,Michigan,home,CMU,2117,63,3,4,45,1,6,60,False,,,,,
401752846,130,Michigan,away,NEB,158,30,27,4,39,3,9,3,True,,,,,
401752852,194,Ohio State,away,WASH,264,24,6,5,60,6,49,18,False,,,,,
401752854,213,Penn State,home,ORE,2483,24,30,2,10,4,34,-6,True,,,,,
401752855,213,Penn State,away,UCLA,26,37,42,6,43,5,35,-5,True,,,,,
401752856,130,Michigan,home,WIS,275,24,10,1,10,5,35,14,False,,,,,
401752859,194,Ohio State,home,MINN,135,42,3,4,35,2,15,39,False,,,,,
401752865,194,Ohio State,away,ILL,356,34,16,7,59,4,19,18,False,,,,,
401752866,213,Penn State,home,NU,77,21,22,6,71,2,10,-1,True,,,,,
401752868,130,Michigan,away,USC,30,13,31,4,37,3,31,-18,False,,,,,
401752873,130,Michigan,home,WASH,264,24,7,5,35,4,23,17,False,,,,,
401752875,213,Penn State,away,IOWA,2294,24,25,2,15,3,20,-1,True,,,,,
401752877,194,Ohio State,away,WIS,275,34,0,5,30,2,10,34,False,,,,,
401752881,130,Michigan,away,MSU,127,31,20,6,61,12,105,11,False,,,,,
401752889,194,Ohio State,home,PSU,213,38,14,2,30,2,30,24,False,,,,,
401752889,213,Penn State,away,OSU,194,14,38,2,30,2,30,-24,False,,,,,
401752890,130,Michigan,home,PUR,2509,21,16,4,32,4,30,5,True,,,,,
401752893,213,Penn State,home,IU,84,24,27,5,37,5,21,-3,True,,,,,
401752897,194,Ohio State,away,PUR,2509,34,10,6,63,2,13,24,False,,,,,
401752900,194,Ohio State,home,UCLA,26,48,10,3,20,7,55,38,False,,,,,
401752903,213,Penn State,away,MSU,127,28,10,4,45,2,20,18,False,,,,,
401752905,130,Michigan,away,NU,77,24,22,4,24,7,55,2,True,,,,,
401752908,213,Penn State,home,NEB,158,37,10,5,65,6,58,27,False,,,,,
401752912,194,Ohio State,home,RUTG,164,42,9,5,60,4,37,33,False,,,,,
401752914,130,Michigan,away,MD,120,45,20,4,30,4,40,25,False,,,,,
401752920,213,Penn State,away,RUTG,164,40,36,7,54,6,42,4,True,PSU -12.5,12.5,55.5,,
401752921,130,Michigan,home,OSU,194,9,27,1,3,6,72,-18,False,OSU -10,10.0,42.5,,
401752921,194,Ohio State,away,MICH,130,27,9,6,72,1,3,18,False,OSU -10,10.0,42.5,,
401777353,194,Ohio State,home,IU,84,10,13,2,20,5,49,-3,True,OSU -3.5,-3.5,45.5,-180,150
401551768,194,Ohio State,home,MIZ,142,3,14,8,57,7,40,-11,False,,,,,
401551769,213,Penn State,home,MISS,145,25,38,6,50,5,26,-13,False,,,,,
401551786,130,Michigan,home,ALA,333,27,20,2,25,3,15,7,True,,,,,
401551786,333,Alabama,away,MICH,130,20,27,3,15,2,25,-7,True,,,,,
401551789,130,Michigan,home,WASH,264,34,13,5,45,5,30,21,False,,,,,
401677102,130,Michigan,home,ALA,333,19,13,3,35,3,35,6,True,,,,,
401677102,333,Alabama,away,MICH,130,13,19,3,35,3,35,-6,True,,,,,
401677177,194,Ohio State,home,TENN,2633,42,17,3,25,6,50,25,False,,,,,
401677178,213,Penn State,home,SMU,2567,38,10,6,65,7,61,28,False,,,,,
401677181,213,Penn State,away,BOIS,68,31,14,10,98,13,90,17,False,,,,,
401677183,194,Ohio State,away,ORE,2483,41,21,2,14,3,13,20,False,,,,,
401677189,213,Penn State,home,ND,87,24,27,5,44,4,30,-3,True,,,,,
401677189,87,Notre Dame,away,PSU,213,27,24,4,30,5,44,3,True,,,,,
401677191,194,Ohio State,away,TEX,251,28,14,9,75,5,54,14,False,,,,,
401677192,87,Notre Dame,home,OSU,194,23,34,3,30,6,58,-11,False,,,,,
401677192,194,Ohio State,away,ND,87,34,23,6,58,3,30,11,False,,,,,
401769070,194,Ohio State,home,MIA,2390,14,24,2,15,0,0,-10,False,OSU -7.5,-7.5,39.5,-325,260
401778317,228,Clemson,home,PSU,213,10,22,1,5,3,35,-12,False,CLEM -2.5,-2.5,47.5,-130,110
401778317,213,Penn State,away,CLEM,228,22,10,3,35,1,5,12,False,CLEM -2.5,-2.5,47.5,110,-130
401778330,130,Michigan,away,TEX,251,27,41,9,95,12,103,-14,False,TEX -4,-4.0,50.5,160,-192
400869180,130,Michigan,home,HAW,62,63,3,3,33,8,60,60,False,MICH -40.5,-40.5,,,
400869510,130,Michigan,home,UCF,2116,51,14,2,20,9,76,37,False,MICH -34.5,-34.5,,,
400869111,130,Michigan,home,COLO,38,45,28,5,41,7,46,17,False,MICH -20,-20.0,,,
400869658,130,Michigan,home,PSU,213,49,10,7,80,2,13,39,False,MICH -15.5,-15.5,,,
400869658,213,Penn State,away,MICH,130,10,49,2,13,7,80,-39,False,MICH -15.5,-15.5,,,
400869664,130,Michigan,home,WIS,275,14,7,6,45,3,30,7,True,MICH -10,-10.0,,,
400869636,130,Michigan,away,RUTG,164,78,0,3,25,7,41,78,False,MICH -26.5,26.5,,,
400869676,130,Michigan,home,ILL,356,41,8,5,41,5,45,33,False,MICH -28,-28.0,,,
400869681,130,Michigan,away,MSU,127,32,23,5,62,7,57,9,False,MICH -21,21.0,,,
400869685,130,Michigan,home,MD,120,59,3,6,62,6,46,56,False,MICH -26.5,-26.5,,,
400869690,130,Michigan,away,IOWA,2294,13,14,5,48,3,24,-1,True,MICH -18.5,18.5,,,
400869695,130,Michigan,home,IND,84,20,10,5,40,4,35,10,False,MICH -28,-28.0,,,
400869650,194,Ohio State,home,MICH,130,30,27,2,6,7,59,3,True,OSU -7,-7.0,,,
400869650,130,Michigan,away,OSU,194,27,30,7,59,2,6,-3,True,OSU -7,-7.0,,,
400876105,130,Michigan,away,FSU,52,32,33,4,37,7,65,-1,True,MICH -6.5,6.5,,,
400933830,130,Michigan,away,FLA,57,33,17,7,55,5,45,16,False,MICH -4.5,4.5,45.5,-214,180
400935243,130,Michigan,home,CIN,2132,36,14,7,68,4,30,22,False,MICH -32.5,-32.5,50.5,-1401,800
400935352,130,Michigan,home,AFA,2005,29,13,7,72,3,29,16,False,MICH -23,-23.0,53.0,-2431,1233
400935364,130,Michigan,away,PUR,2509,28,10,7,57,8,82,18,False,MICH -13,13.0,51.0,-484,381
400935372,130,Michigan,home,MSU,127,10,14,7,53,11,81,-4,True,MICH -12.5,-12.5,40.0,-506,393
400935379,130,Michigan,away,IND,84,27,20,16,141,5,55,7,True,MICH -7,7.0,44.0,-289,239
400935386,213,Penn State,home,MICH,130,42,13,1,10,6,59,29,False,PSU -7.5,-7.5,42.5,-297,245
400935386,130,Michigan,away,PSU,213,13,42,6,59,1,10,-29,False,PSU -7.5,-7.5,42.5,245,-297
400935393,130,Michigan,home,RUTG,164,35,14,3,25,3,20,21,False,MICH -22.5,-22.5,43.5,-4029,1575
400935398,130,Michigan,home,MINN,135,33,10,9,85,3,10,23,False,MICH -16,-16.0,39.5,-725,521
400935404,130,Michigan,away,MD,120,35,10,1,10,7,59,25,False,MICH -16.5,16.5,48.5,-762,548
400935416,130,Michigan,away,WIS,275,10,24,4,28,4,35,-14,False,WIS -6.5,-6.5,40.5,213,-255
400935420,130,Michigan,home,OSU,194,20,31,6,50,9,75,-11,False,OSU -12.5,12.5,49.0,373,-469
400935420,194,Ohio State,away,MICH,130,31,20,9,75,6,50,11,False,OSU -12.5,12.5,49.0,-469,373
400953410,130,Michigan,away,SC,2579,19,26,6,40,7,68,-7,True,MICH -9,9.0,42.5,-350,290
401012888,87,Notre Dame,home,MICH,130,24,17,4,40,7,52,7,True,MICH -3,3.0,46.5,117,-120
401012888,130,Michigan,away,ND,87,17,24,7,52,4,40,-7,True,MICH -3,3.0,46.5,-120,117
401012889,130,Michigan,home,WMU,2711,49,3,7,55,4,30,46,False,MICH -28,-28.0,55.0,,
401012890,130,Michigan,home,SMU,2567,45,20,13,137,6,60,25,False,MICH -37,-37.0,55.0,,
401012891,130,Michigan,home,NEB,158,56,10,8,77,10,79,46,False,MICH -18,-18.0,52.0,-1047,669
401012892,130,Michigan,away,NW,77,20,17,11,100,2,25,3,True,MICH -14.5,14.5,47.0,-695,481
401012876,130,Michigan,home,MD,120,42,21,6,52,12,107,21,False,MICH -17.5,-17.5,44.0,-1134,680
401012893,130,Michigan,home,WIS,275,38,13,1,15,3,30,25,False,MICH -10,-10.0,47.5,-416,318
401012884,130,Michigan,away,MSU,127,21,7,9,99,4,40,14,False,MICH -7.5,7.5,39.0,-313,252
401012894,130,Michigan,home,PSU,213,42,7,9,80,4,35,35,False,MICH -13,-13.0,49.5,-460,369
401012894,213,Penn State,away,MICH,130,7,42,4,35,9,80,-35,False,MICH -13,-13.0,49.5,369,-460
401012848,130,Michigan,away,RUTG,164,42,7,2,20,3,30,35,False,MICH -37.5,37.5,45.0,,
401012860,130,Michigan,home,IND,84,31,20,4,45,7,62,11,False,MICH -28,-28.0,53.5,,
401012895,194,Ohio State,home,MICH,130,62,39,12,150,7,72,23,False,,,,168,-196
401012895,130,Michigan,away,OSU,194,39,62,7,72,12,150,-23,False,,,,-196,168
401032076,130,Michigan,home,FLA,57,15,41,4,22,5,40,-26,False,MICH -6,-6.0,50.5,-241,197
401112222,130,Michigan,home,MTSU,2393,40,21,8,55,8,54,19,False,MICH -36,-36.0,56.0,,
401112223,130,Michigan,home,ARMY,349,24,21,9,58,8,78,3,True,MICH -22,-22.0,47.5,-620,740
401112224,130,Michigan,away,WIS,275,14,35,3,45,9,69,-21,False,WIS -3,-3.0,45.0,220,-210
401112225,130,Michigan,home,RUTG,164,52,0,6,35,9,70,52,False,MICH -27.5,-27.5,48.5,-5100,1350
401112194,130,Michigan,home,IOWA,2294,10,3,4,35,8,60,7,True,MICH -4,-4.0,48.5,-250,310
401112150,130,Michigan,away,ILL,356,42,25,7,54,10,95,17,False,MICH -24,24.0,49.0,-2850,1150
401112226,213,Penn State,home,MICH,130,28,21,5,58,8,48,7,True,PSU -7.5,-7.5,47.5,-266,243
401112226,130,Michigan,away,PSU,213,21,28,8,48,5,58,-7,True,PSU -7.5,-7.5,47.5,243,-266
401112227,130,Michigan,home,ND,87,45,14,4,50,7,62,31,False,MICH -1,-1.0,46.5,-125,103
401112227,87,Notre Dame,away,MICH,130,14,45,7,62,4,50,-31,False,MICH -1,-1.0,46.5,103,-125
401112208,130,Michigan,away,MD,120,38,7,4,30,5,34,31,False,MICH -21.5,21.5,57.5,-1961,931
401112219,130,Michigan,home,MSU,127,44,10,9,91,7,93,34,False,MICH -13.5,-13.5,43.0,-642,445
401112167,130,Michigan,away,IND,84,39,14,6,49,8,86,25,False,MICH -9.5,9.5,53.5,-393,295
401112228,130,Michigan,home,OSU,194,27,56,5,38,7,66,-29,False,OSU -9,9.0,53.0,261,-340
401112228,194,Ohio State,away,MICH,130,56,27,7,66,5,38,29,False,OSU -9,9.0,53.0,-340,261
401135286,333,Alabama,home,MICH,130,35,16,5,25,7,61,19,False,ALA -7.5,-7.5,60.0,-302,233
401135286,130,Michigan,away,ALA,333,16,35,7,61,5,25,-19,False,ALA -7.5,-7.5,60.0,233,-302
401247294,130,Michigan,away,MINN,135,49,24,7,80,5,39,25,False,MICH -3,3.0,53.5,-151,125
401247305,130,Michigan,home,MSU,127,24,27,10,86,5,65,-3,True,MICH -21.5,-21.5,51.5,-1927,953
401247309,130,Michigan,away,IU,84,21,38,8,89,4,50,-17,False,MICH -4,4.0,55.0,-185,155
401247319,130,Michigan,home,WISC,275,11,49,4,40,1,5,-38,False,WIS -7,7.0,51.5,208,-262
401247324,130,Michigan,away,RUTG,164,48,42,5,40,12,99,6,True,MICH -12,12.0,52.0,-469,341
401247333,130,Michigan,home,PSU,213,17,27,1,10,5,30,-10,False,MICH -1,-1.0,56.5,-115,-107
401247333,213,Penn State,away,MICH,130,27,17,5,30,1,10,10,False,MICH -1,-1.0,56.5,-107,-115
401282772,130,Michigan,home,WMU,2711,47,14,5,48,3,30,33,False,MICH -16.5,-16.5,65.5,-866,566
401282773,130,Michigan,home,WASH,264,31,10,6,60,6,59,21,False,MICH -6.5,-6.5,47.5,-251,200
401282774,130,Michigan,home,NIU,2459,63,10,5,45,6,57,53,False,MICH -27.5,-27.5,55.0,-5228,1625
401282775,130,Michigan,home,RUTG,164,20,13,6,59,7,42,7,True,MICH -20.5,-20.5,50.0,-1305,700
401282776,130,Michigan,away,WISC,275,38,17,3,10,1,5,21,False,WIS -2.5,-2.5,43.5,103,-124
401282778,130,Michigan,away,NEB,158,32,29,6,55,6,47,3,True,MICH -2.5,2.5,50.0,-135,113
401282779,130,Michigan,home,NU,77,33,7,4,40,2,25,26,False,MICH -23.5,-23.5,51.0,-2459,1086
401282777,130,Michigan,away,MSU,127,33,37,8,59,7,75,-4,True,MICH -4,4.0,50.5,-197,163
401282727,130,Michigan,home,IU,84,29,7,5,35,3,30,22,False,MICH -20.5,-20.5,51.0,-1532,843
401282780,213,Penn State,home,MICH,130,17,21,4,29,4,20,-4,True,MICH -2.5,2.5,48.5,113,-135
401282780,130,Michigan,away,PSU,213,21,17,4,20,4,29,4,True,MICH -2.5,2.5,48.5,-135,113
401282770,130,Michigan,away,MD,120,59,18,6,50,8,59,41,False,MICH -15.5,15.5,57.5,-744,500
401282781,130,Michigan,home,OSU,194,42,27,2,20,10,66,15,False,OSU -6.5,6.5,64.5,214,-268
401282781,194,Ohio State,away,MICH,130,27,42,10,66,2,20,-15,False,OSU -6.5,6.5,64.5,-268,214
401331447,130,Michigan,away,IOWA,2294,42,3,4,50,5,55,39,False,MICH -12,12.0,44.0,-515,374
401331234,130,Michigan,home,UGA,61,11,34,4,30,5,70,-23,False,UGA -7.5,7.5,46.0,232,-293
401331234,61,Georgia,away,MICH,130,34,11,5,70,4,30,23,False,UGA -7.5,7.5,46.0,-293,232
401405067,130,Michigan,home,CSU,36,51,7,1,10,0,0,44,False,MICH -31,-31.0,60.5,-8805,1700
401405077,130,Michigan,home,HAW,62,56,10,3,35,1,10,46,False,MICH -52.5,-52.5,66.5,,
401404149,130,Michigan,home,CONN,41,59,0,4,24,5,45,59,False,MICH -47.5,-47.5,59.0,-10000,1700
401405097,130,Michigan,home,MD,120,34,27,1,15,1,5,7,True,MICH -17,-17.0,66.0,-887,574
401405100,130,Michigan,away,IOWA,2294,27,14,5,50,5,59,13,False,MICH -10.5,10.5,42.0,-414,321
401405108,130,Michigan,away,IU,84,31,10,10,85,4,50,21,False,MICH -23.5,23.5,58.0,-2543,1117
401405115,130,Michigan,home,PSU,213,41,17,9,61,5,55,24,False,MICH -7,-7.0,49.0,-272,216
401405115,213,Penn State,away,MICH,130,17,41,5,55,9,61,-24,False,MICH -7,-7.0,49.0,216,-272
401405125,130,Michigan,home,MSU,127,29,7,4,25,7,75,22,False,MICH -22.5,-22.5,55.0,-2291,1076
401405133,130,Michigan,away,RUTG,164,52,17,3,20,5,45,35,False,MICH -26.5,26.5,45.0,-10000,1800
401405137,130,Michigan,home,NEB,158,34,3,1,15,4,30,31,False,MICH -30.5,-30.5,49.5,-8000,1700
401405145,130,Michigan,home,ILL,356,19,17,4,25,4,40,2,True,MICH -17,-17.0,41.5,-991,626
401405153,194,Ohio State,home,MICH,130,23,45,9,91,5,30,-22,False,OSU -9,-9.0,56.0,-352,276
401405153,130,Michigan,away,OSU,194,45,23,5,30,9,91,22,False,OSU -9,-9.0,56.0,276,-352
401437031,130,Michigan,home,PUR,2509,43,22,3,25,5,38,21,False,MICH -16,-16.0,54.0,-822,550
401442016,130,Michigan,home,TCU,2628,45,51,5,28,7,85,-6,True,MICH -8,-8.0,56.0,-336,260
400869260,194,Ohio State,home,BGSU,189,77,10,9,66,5,45,67,False,OSU -27,-27.0,,,
400869516,194,Ohio State,home,TLSA,202,48,3,9,67,5,46,45,False,OSU -28.5,-28.5,,,
400869613,194,Ohio State,away,OKLA,201,45,24,11,75,4,28,21,False,OSU -2.5,2.5,,,
400869635,194,Ohio State,home,RUTG,164,58,0,6,64,4,21,58,False,OSU -37,-37.0,,,
400869643,194,Ohio State,home,IND,84,38,17,9,83,5,40,21,False,OSU -32,-32.0,,,
400869644,194,Ohio State,away,WIS,275,30,23,4,40,4,35,7,True,OSU -9.5,9.5,,,
400869645,213,Penn State,home,OSU,194,24,21,1,5,8,45,3,True,OSU -20,20.0,,,
400869645,194,Ohio State,away,PSU,213,21,24,8,45,1,5,-3,True,OSU -20,20.0,,,
400869646,194,Ohio State,home,NW,77,24,20,2,10,2,20,4,True,OSU -24,-24.0,,,
400869647,194,Ohio State,home,NEB,158,62,3,4,35,4,43,59,False,OSU -15.5,-15.5,,,
400869648,194,Ohio State,away,MD,120,62,3,6,55,7,74,59,False,OSU -28,28.0,,,
400869649,194,Ohio State,away,MSU,127,17,16,4,40,6,60,1,True,,,,,
400876108,228,Clemson,home,OSU,194,31,0,5,60,8,72,31,False,OSU -3,3.0,,,
400876108,194,Ohio State,away,CLEM,228,0,31,8,72,5,60,-31,False,OSU -3,3.0,,,
400935229,194,Ohio State,away,IND,84,49,21,5,50,5,33,28,False,OSU -21,21.0,56.5,-2081,1088
400934502,194,Ohio State,home,OKLA,201,16,31,9,87,3,26,-15,False,OSU -7.5,-7.5,64.5,-293,245
400934563,194,Ohio State,home,ARMY,349,38,7,5,55,2,22,31,False,OSU -31.5,-31.5,55.0,,
400935363,194,Ohio State,home,UNLV,2439,54,21,8,85,4,30,33,False,OSU -40,-40.0,67.5,,
400935369,194,Ohio State,away,RUTG,164,56,0,10,106,10,80,56,False,OSU -28.5,28.5,54.5,,
400935375,194,Ohio State,home,MD,120,62,14,8,85,6,66,48,False,OSU -30,-30.0,61.0,,
400935381,194,Ohio State,away,NEB,158,56,14,7,53,12,104,42,False,OSU -24,24.0,58.0,-2839,1277
400935394,194,Ohio State,home,PSU,213,39,38,10,79,9,73,1,True,OSU -7,-7.0,57.5,-257,215
400935394,213,Penn State,away,OSU,194,38,39,9,73,10,79,-1,True,OSU -7,-7.0,57.5,215,-257
400935397,194,Ohio State,away,IOWA,2294,24,55,9,95,5,34,-31,False,OSU -21,21.0,55.0,-1587,931
400935407,194,Ohio State,home,MSU,127,48,3,2,27,5,58,45,False,OSU -17.5,-17.5,56.5,-1011,681
400935414,194,Ohio State,home,ILL,356,52,14,7,68,7,55,38,False,OSU -41,-41.0,54.5,,
400955156,194,Ohio State,away,WIS,275,27,21,5,48,6,55,6,True,OSU -3.5,3.5,51.5,-171,148
400953404,194,Ohio State,home,USC,30,24,7,3,30,3,35,17,False,OSU -9.5,-9.5,65.5,-377,303
401012682,194,Ohio State,home,ORST,204,77,31,6,50,5,49,46,False,OSU -40,-40.0,63.5,,
401012821,194,Ohio State,home,RUTG,164,52,3,11,120,7,72,49,False,OSU -35.5,-35.5,58.5,,
401013074,194,Ohio State,away,TCU,2628,40,28,5,39,5,40,12,False,OSU -12.5,12.5,60.0,-525,412
401013346,194,Ohio State,home,TULN,2655,49,6,10,89,6,55,43,False,OSU -37.5,-37.5,67.0,,
401013347,213,Penn State,home,OSU,194,26,27,7,64,10,105,-1,True,OSU -3.5,3.5,69.5,149,-173
401013347,194,Ohio State,away,PSU,213,27,26,10,105,7,64,1,True,OSU -3.5,3.5,69.5,-173,149
401012855,194,Ohio State,home,IND,84,49,26,9,82,3,35,23,False,OSU -27,-27.0,64.5,-4444,1550
401013331,194,Ohio State,home,MINN,135,30,14,5,36,4,60,16,False,OSU -29.5,-29.5,62.0,-6993,2000
401013348,194,Ohio State,away,PUR,2509,20,49,10,86,7,95,-29,False,OSU -12.5,12.5,65.5,-484,367
401013341,194,Ohio State,home,NEB,158,36,31,6,46,5,44,5,True,OSU -17.5,-17.5,75.5,-1019,635
401012886,194,Ohio State,away,MSU,127,26,6,4,30,7,46,20,False,OSU -3.5,3.5,49.0,-176,152
401012878,194,Ohio State,away,MD,120,52,51,10,79,9,88,1,True,OSU -14,14.0,61.5,-579,428
401056702,194,Ohio State,home,NW,77,45,24,9,90,3,15,21,False,OSU -16.5,-16.5,63.5,-839,571
401032085,194,Ohio State,home,WASH,264,28,23,9,53,6,46,5,True,OSU -6.5,-6.5,58.0,-263,219
401112251,194,Ohio State,home,FAU,2226,45,21,7,62,5,35,24,False,OSU -28,-28.0,66.0,-4450,1400
401112252,194,Ohio State,home,CIN,2132,42,0,2,25,10,78,42,False,OSU -15,-15.0,52.5,-730,490
401112159,194,Ohio State,away,IND,84,51,10,5,45,5,54,41,False,OSU -17.5,17.5,60.0,-1200,730
401112253,194,Ohio State,home,M-OH,193,76,5,6,52,4,50,71,False,OSU -38.5,-38.5,57.0,,
401112241,194,Ohio State,away,NEB,158,48,7,2,25,6,57,41,False,OSU -17,17.0,65.5,-930,650
401112216,194,Ohio State,home,MSU,127,34,10,10,85,4,30,24,False,OSU -20,-20.0,50.5,-1625,949
401112248,194,Ohio State,away,NW,77,52,3,5,58,8,76,49,False,OSU -27,27.0,50.0,-4550,1383
401112254,194,Ohio State,home,WIS,275,38,7,2,15,3,30,31,False,OSU -14.5,-14.5,48.0,-838,872
401112209,194,Ohio State,home,MD,120,73,14,13,141,6,42,59,False,OSU -42.5,-42.5,66.0,-200000,4000
401112255,194,Ohio State,away,RUTG,164,56,21,6,54,5,55,35,False,OSU -52,52.0,63.0,-111,-115
401112256,194,Ohio State,home,PSU,213,28,17,4,25,5,32,11,False,OSU -20,-20.0,58.0,-1334,741
401112256,213,Penn State,away,OSU,194,17,28,5,32,4,25,-11,False,OSU -20,-20.0,58.0,741,-1334
401132983,194,Ohio State,away,WIS,275,34,21,4,40,4,41,13,False,OSU -16.5,16.5,57.5,-853,537
401135279,194,Ohio State,home,CLEM,228,23,29,8,77,6,47,-6,True,CLEM -2.5,2.5,62.5,112,-137
401135279,228,Clemson,away,OSU,194,29,23,6,47,8,77,6,True,CLEM -2.5,2.5,62.5,-137,112
401247293,194,Ohio State,home,NEB,158,52,17,3,14,8,90,35,False,OSU -27.5,-27.5,69.5,-3672,1269
401247306,213,Penn State,home,OSU,194,25,38,5,31,9,80,-13,False,OSU -10,10.0,63.0,294,-390
401247306,194,Ohio State,away,PSU,213,38,25,9,80,5,31,13,False,OSU -10,10.0,63.0,-390,294
401247310,194,Ohio State,home,RUTG,164,49,27,9,74,9,83,22,False,OSU -37.5,-37.5,62.5,,
401247326,194,Ohio State,home,IU,84,42,35,3,35,2,30,7,True,OSU -21,-21.0,67.5,-1195,691
401247340,194,Ohio State,away,MSU,127,52,12,7,63,10,101,40,False,OSU -22.5,22.5,59.0,-1848,932
401247349,194,Ohio State,home,NW,77,22,10,5,45,2,15,12,False,OSU -16.5,-16.5,56.5,-934,603
401240173,228,Clemson,home,OSU,194,28,49,3,20,9,95,-21,False,CLEM -7.5,-7.5,66.5,-315,248
401240173,194,Ohio State,away,CLEM,228,49,28,9,95,3,20,21,False,CLEM -7.5,-7.5,66.5,248,-315
401240174,333,Alabama,home,OSU,194,52,24,6,44,4,29,28,False,ALA -9.5,-9.5,75.0,-329,259
401240174,194,Ohio State,away,ALA,333,24,52,4,29,6,44,-28,False,ALA -9.5,-9.5,75.0,259,-329
401282789,194,Ohio State,away,MINN,135,45,31,5,48,5,50,14,False,OSU -14,14.0,62.0,-647,458
401282809,194,Ohio State,home,ORE,2483,28,35,8,71,4,35,-7,True,OSU -15,-15.0,65.0,-696,483
401282810,194,Ohio State,home,TLSA,202,41,20,8,81,11,100,21,False,OSU -24.5,-24.5,60.5,-3595,1325
401282811,194,Ohio State,home,AKR,2006,59,7,8,95,4,18,52,False,OSU -48.5,-48.5,66.5,,
401282813,194,Ohio State,away,RUTG,164,52,13,6,65,3,25,39,False,OSU -15,15.0,58.0,-824,525
401282769,194,Ohio State,home,MD,120,66,17,4,40,2,15,49,False,OSU -21.5,-21.5,71.5,-1842,921
401282730,194,Ohio State,away,IU,84,54,7,5,40,1,7,47,False,OSU -21,21.0,59.0,-1514,836
401282814,194,Ohio State,home,PSU,213,33,24,10,74,7,56,9,False,OSU -18.5,-18.5,60.5,-1106,673
401282814,213,Penn State,away,OSU,194,24,33,7,56,10,74,-9,False,OSU -18.5,-18.5,60.5,673,-1106
401282799,194,Ohio State,away,NEB,158,26,17,8,65,6,60,9,False,OSU -14,14.0,67.5,-656,463
401282812,194,Ohio State,home,PUR,2509,59,31,5,50,4,31,28,False,OSU -19,-19.0,65.0,-1204,713
401282786,194,Ohio State,home,MSU,127,56,7,1,5,3,30,49,False,OSU -19.5,-19.5,70.5,-1076,661
401331239,194,Ohio State,home,UTAH,254,48,45,7,70,5,50,3,True,UTAH -4,4.0,64.5,-186,153
401404124,194,Ohio State,home,ND,87,21,10,7,75,5,61,11,False,OSU -17,-17.0,58.5,-845,567
401404124,87,Notre Dame,away,OSU,194,10,21,5,61,7,75,-11,False,OSU -17,-17.0,58.5,567,-845
401405079,194,Ohio State,home,ARST,2032,45,12,9,85,6,63,33,False,OSU -44.5,-44.5,68.5,-10000,3000
401405088,194,Ohio State,home,TOL,2649,77,21,1,5,4,23,56,False,OSU -31,-31.0,63.0,-10000,2500
401405095,194,Ohio State,home,WISC,275,52,21,3,27,5,57,31,False,OSU -18.5,-18.5,56.5,-1127,694
401405104,194,Ohio State,home,RUTG,164,49,10,6,41,10,61,39,False,OSU -39,-39.0,58.0,,
401405110,194,Ohio State,away,MSU,127,49,20,4,49,6,45,29,False,OSU -27,27.0,64.5,-6848,1614
401405119,194,Ohio State,home,IOWA,2294,54,10,5,45,3,11,44,False,OSU -29.5,-29.5,49.5,-10000,2000
401405126,213,Penn State,home,OSU,194,31,44,6,50,8,50,-13,False,OSU -15.5,15.5,60.5,476,-680
401405126,194,Ohio State,away,PSU,213,44,31,8,50,6,50,13,False,OSU -15.5,15.5,60.5,-680,476
401405129,194,Ohio State,away,NU,77,21,7,3,20,4,27,14,False,OSU -37.5,37.5,55.5,-10000,2500
401405139,194,Ohio State,home,IU,84,56,14,3,15,2,20,42,False,OSU -40.5,-40.5,62.0,-10000,1600
401405144,194,Ohio State,away,MD,120,43,30,11,97,10,97,13,False,OSU -26,26.0,62.5,-6681,1700
401442015,61,Georgia,home,OSU,194,42,41,4,45,4,24,1,True,UGA -5.5,-5.5,62.5,-217,178
401442015,194,Ohio State,away,UGA,61,41,42,4,24,4,45,-1,True,UGA -5.5,-5.5,62.5,178,-217
400869261,213,Penn State,home,KENT,2309,33,13,5,55,6,47,20,False,PSU -19,-19.0,,,
400869436,213,Penn State,away,PITT,221,39,42,4,35,10,79,-3,True,PITT -4.5,-4.5,,,
400869519,213,Penn State,home,TEM,218,34,27,7,62,13,118,7,True,PSU -7,-7.0,,,
400869666,213,Penn State,home,MINN,135,29,26,5,65,8,83,3,True,PSU -4,-4.0,,,
400869669,213,Penn State,home,MD,120,38,14,7,50,5,54,24,False,PSU -3,-3.0,,,
400869682,213,Penn State,away,PUR,2509,62,24,11,91,8,76,38,False,PSU -10.5,10.5,,,
400869688,213,Penn State,home,IOWA,2294,41,14,9,86,4,24,27,False,PSU -6.5,-6.5,,,
400869689,213,Penn State,away,IND,84,45,31,5,40,8,80,14,False,PSU -6.5,6.5,,,
400869641,213,Penn State,away,RUTG,164,39,0,3,15,6,50,39,False,PSU -22.5,22.5,,,
400869702,213,Penn State,home,MSU,127,45,12,1,15,4,23,33,False,PSU -13.5,-13.5,,,
400926946,213,Penn State,home,WIS,275,38,31,3,25,4,40,7,True,WIS -1,1.0,,,
400876111,213,Penn State,home,USC,30,49,52,5,65,10,85,-3,True,USC -6.5,6.5,,,
400935237,213,Penn State,home,AKR,2006,52,0,5,45,9,84,52,False,PSU -30,-30.0,63.5,,
400935245,213,Penn State,home,PITT,221,33,14,1,15,6,55,19,False,PSU -20,-20.0,63.5,-1187,768
400935356,213,Penn State,home,GAST,2247,56,0,5,45,3,25,56,False,PSU -37.5,-37.5,54.5,,
400935360,213,Penn State,away,IOWA,2294,21,19,8,90,3,25,2,True,PSU -13,13.0,53.0,-535,412
400935368,213,Penn State,home,IND,84,45,14,2,7,2,20,31,False,PSU -19.5,-19.5,63.0,-1337,824
400935374,213,Penn State,away,NW,77,31,7,3,30,8,74,24,False,PSU -14.5,14.5,51.5,-704,504
400935399,213,Penn State,away,MSU,127,24,27,7,86,8,87,-3,True,PSU -10,10.0,46.0,-375,299
400935408,213,Penn State,home,RUTG,164,35,6,4,20,4,41,29,False,PSU -31.5,-31.5,56.5,,
400935415,213,Penn State,home,NEB,158,56,44,5,39,9,89,12,False,PSU -27.5,-27.5,59.0,-5831,1750
400935419,213,Penn State,away,MD,120,66,3,2,10,8,91,63,False,PSU -23.5,23.5,57.5,-2130,1110
400953407,213,Penn State,home,WASH,264,35,28,2,20,4,22,7,True,PSU -3,-3.0,55.0,-171,176
401013349,213,Penn State,home,APP,2026,45,38,2,10,10,105,7,True,PSU -24.5,-24.5,54.0,-2036,1154
401013105,213,Penn State,away,PITT,221,51,6,4,45,14,116,45,False,PSU -7.5,7.5,50.5,-306,251
401013350,213,Penn State,home,KENT,2309,63,10,9,85,10,83,53,False,PSU -35.5,-35.5,64.5,,
401012807,213,Penn State,away,ILL,356,63,24,8,72,7,81,39,False,PSU -26.5,26.5,60.0,-5291,1625
401012883,213,Penn State,home,MSU,127,17,21,6,41,3,20,-4,True,PSU -13.5,-13.5,53.0,-545,406
401012857,213,Penn State,away,IND,84,33,28,3,40,7,55,5,True,PSU -14,14.0,58.0,-640,457
401012868,213,Penn State,home,IOWA,2294,30,24,6,47,6,25,6,True,PSU -4.5,-4.5,51.0,-200,169
401013351,213,Penn State,home,WIS,275,22,10,3,22,6,50,12,False,PSU -7.5,-7.5,53.5,-288,237
401012849,213,Penn State,away,RUTG,164,20,7,3,43,5,62,13,False,PSU -27,27.0,49.5,,
401012879,213,Penn State,home,MD,120,38,3,3,23,7,65,35,False,PSU -13,-13.0,51.5,-480,371
401032088,213,Penn State,home,UK,96,24,27,3,24,3,27,-3,True,PSU -6.5,-6.5,47.5,-251,207
401112257,213,Penn State,home,IDHO,70,79,7,3,30,10,67,72,False,,,,,
401112258,213,Penn State,home,BUFF,2084,45,13,3,25,8,78,32,False,PSU -31,-31.0,57.0,-5700,1650
401112259,213,Penn State,home,PITT,221,17,10,3,40,2,18,7,True,PSU -17,-17.0,53.0,-1100,690
401112204,213,Penn State,away,MD,120,59,0,7,81,9,85,59,False,PSU -6.5,6.5,61.0,-250,195
401112260,213,Penn State,home,PUR,2509,35,7,4,49,7,37,28,False,PSU -28.5,-28.5,55.5,-5450,1500
401112195,213,Penn State,away,IOWA,2294,17,12,8,80,1,5,5,True,PSU -3.5,3.5,43.5,-216,221
401112218,213,Penn State,away,MSU,127,28,7,9,104,4,31,21,False,PSU -5.5,5.5,42.0,-252,280
401112235,213,Penn State,away,MINN,135,26,31,4,45,5,40,-5,True,PSU -6.5,6.5,48.5,-262,209
401112166,213,Penn State,home,IND,84,34,27,1,0,5,27,7,True,PSU -15,-15.0,55.0,-753,498
401112261,213,Penn State,home,RUTG,164,27,6,3,30,6,57,21,False,PSU -39,-39.0,51.0,-200000,4000
401135277,213,Penn State,home,MEM,235,53,39,2,15,8,45,14,False,PSU -6.5,-6.5,59.5,-254,201
401247295,213,Penn State,away,IU,84,35,36,10,100,4,36,-1,True,PSU -6.5,6.5,61.5,-263,202
401247312,213,Penn State,home,MD,120,19,35,4,25,8,55,-16,False,PSU -27.5,-27.5,63.0,-2710,1157
401247320,213,Penn State,away,NEB,158,23,30,4,50,5,39,-7,True,PSU -2.5,2.5,57.5,-139,115
401247327,213,Penn State,home,IOWA,2294,21,41,2,15,6,45,-20,False,PSU -1,-1.0,45.5,-110,-112
401247336,213,Penn State,away,RUTG,164,23,7,2,20,3,30,16,False,PSU -13,13.0,51.0,-587,458
401247346,213,Penn State,home,MSU,127,39,24,5,45,8,62,15,False,PSU -14.5,-14.5,46.0,-627,443
401269381,213,Penn State,home,ILL,356,56,21,2,19,1,15,35,False,PSU -16,-16.0,52.5,-730,505
401282815,213,Penn State,away,WISC,275,16,10,7,79,7,42,6,True,WIS -5.5,-5.5,49.0,178,-220
401282816,213,Penn State,home,BALL,2050,44,13,6,62,5,57,31,False,PSU -22.5,-22.5,58.0,-2079,1046
401282070,213,Penn State,home,AUB,2,28,20,5,30,6,45,8,True,PSU -4,-4.0,52.5,-190,160
401282817,213,Penn State,home,VILL,222,38,17,3,35,4,50,21,False,PSU -29.5,-29.5,53.0,-7500,1733
401282729,213,Penn State,home,IU,84,24,0,5,37,3,20,24,False,PSU -12.5,-12.5,54.0,-501,369
401282758,213,Penn State,away,IOWA,2294,20,23,10,59,4,42,-3,True,IOWA -2.5,-2.5,41.0,118,-140
401282717,213,Penn State,home,ILL,356,18,20,7,81,4,50,-2,True,PSU -24.5,-24.5,45.5,-2958,1200
401282768,213,Penn State,away,MD,120,31,14,7,54,4,25,17,False,PSU -10,10.0,56.5,-402,304
401282818,213,Penn State,home,RUTG,164,28,0,4,50,8,55,28,False,PSU -14,-14.0,45.0,-681,478
401282785,213,Penn State,away,MSU,127,27,30,2,17,7,50,-3,True,PSU -4.5,4.5,51.5,-190,158
401331236,213,Penn State,away,ARK,8,10,24,3,10,6,40,-14,False,ARK -3.5,-3.5,51.0,137,-162
401405064,213,Penn State,away,PUR,2509,35,31,5,56,9,92,4,True,PSU -3.5,3.5,53.5,-173,144
401405080,213,Penn State,home,OHIO,195,46,10,4,35,3,35,36,False,PSU -28,-28.0,54.5,-5309,1600
401403882,213,Penn State,away,AUB,2,41,12,9,80,7,61,29,False,PSU -2.5,2.5,47.5,-136,114
401405098,213,Penn State,home,CMU,2117,33,14,5,45,8,80,19,False,PSU -28,-28.0,61.5,-7483,1725
401405105,213,Penn State,home,NU,77,17,7,7,55,2,10,10,False,PSU -25.5,-25.5,50.0,-4865,1458
401405120,213,Penn State,home,MINN,135,45,17,4,35,8,52,28,False,PSU -5,-5.0,43.0,-220,179
401405132,213,Penn State,away,IU,84,45,14,5,33,5,50,31,False,PSU -13.5,13.5,50.0,-563,411
401405140,213,Penn State,home,MD,120,30,0,6,65,7,70,30,False,PSU -10.5,-10.5,56.5,-407,314
401405147,213,Penn State,away,RUTG,164,55,10,4,40,4,25,45,False,PSU -18.5,18.5,45.0,-1170,698
401405154,213,Penn State,home,MSU,127,35,16,6,46,5,40,19,False,PSU -19,-19.0,54.5,-1155,726
401442014,213,Penn State,away,UTAH,254,35,21,3,33,4,25,14,False,PSU -1.5,1.5,55.0,-122,102
400868969,333,Alabama,home,USC,30,52,6,4,29,6,46,46,False,ALA -9,-9.0,,,
400868980,333,Alabama,home,WKU,98,38,10,12,84,2,16,28,False,ALA -24,-24.0,,,
400868997,333,Alabama,away,MISS,145,48,43,9,75,6,65,5,True,ALA -9.5,9.5,,,
400869002,333,Alabama,home,KENT,2309,48,0,2,20,0,0,48,False,ALA -41.5,-41.5,,,
400869010,333,Alabama,home,UK,96,34,6,4,20,2,15,28,False,ALA -32.5,-32.5,,,
400869018,333,Alabama,away,ARK,8,49,30,7,86,6,60,19,False,ALA -13,13.0,,,
400869028,333,Alabama,away,TENN,2633,49,10,5,38,1,10,39,False,ALA -9,9.0,,,
400869029,333,Alabama,home,TA&M,245,33,14,7,44,9,81,19,False,ALA -16.5,-16.5,,,
400869044,333,Alabama,away,LSU,99,10,0,6,29,3,20,10,False,ALA -7,7.0,,,
400869049,333,Alabama,home,MSST,344,51,3,3,35,4,31,48,False,ALA -28.5,-28.5,,,
400869056,333,Alabama,home,CHAT,236,31,3,1,10,2,10,28,False,ALA -48.5,-48.5,,,
400869068,333,Alabama,home,AUB,2,30,12,4,28,4,19,18,False,ALA -20,-20.0,,,
400926943,333,Alabama,away,FLA,57,54,16,2,14,7,53,38,False,ALA -21.5,21.5,,,
400876107,333,Alabama,home,WASH,264,24,7,11,66,3,10,17,False,ALA -14,-14.0,,,
400876570,333,Alabama,home,CLEM,228,31,35,9,82,3,35,-4,True,ALA -6,-6.0,,,
400876570,228,Clemson,away,ALA,333,35,31,3,35,9,82,4,True,ALA -6,-6.0,,,
400933827,333,Alabama,home,FSU,52,24,7,5,30,4,30,17,False,ALA -7.5,-7.5,51.0,-325,264
400933841,333,Alabama,home,FRES,278,41,10,4,30,1,6,31,False,ALA -42.5,-42.5,54.0,,
400933854,333,Alabama,home,CSU,36,41,23,4,45,3,14,18,False,ALA -31,-31.0,55.5,,
400933871,333,Alabama,away,VAN,238,59,0,6,40,5,20,59,False,ALA -20,20.0,42.5,-1660,956
400933872,333,Alabama,home,MISS,145,66,3,7,60,3,30,63,False,ALA -30,-30.0,56.0,,
400933884,333,Alabama,away,TA&M,245,27,19,6,50,6,45,8,True,ALA -26.5,26.5,56.5,-5000,1650
400933886,333,Alabama,home,ARK,8,41,9,6,66,5,25,32,False,ALA -37,-37.0,54.5,,
400933893,333,Alabama,home,TENN,2633,45,7,7,56,9,81,38,False,ALA -36.5,-36.5,51.5,,
400933904,333,Alabama,home,LSU,99,24,10,1,11,5,30,14,False,ALA -20.5,-20.5,45.5,-1390,818
400933916,333,Alabama,away,MSST,344,31,24,6,60,4,30,7,True,ALA -14.5,14.5,50.0,-721,515
400933921,333,Alabama,home,MER,2382,56,0,1,5,2,10,56,False,ALA -49,-49.0,,,
400933932,333,Alabama,away,AUB,2,14,26,9,65,4,40,-12,False,ALA -5,5.0,47.5,-212,179
400953413,228,Clemson,home,ALA,333,6,24,4,29,2,10,-18,False,ALA -3.5,3.5,46.5,156,-180
400953413,333,Alabama,away,CLEM,228,24,6,2,10,4,29,18,False,ALA -3.5,3.5,46.5,-180,156
400953415,61,Georgia,home,ALA,333,23,26,6,65,6,41,-3,True,ALA -3.5,3.5,45.5,157,-179
400953415,333,Alabama,away,UGA,61,26,23,6,41,6,65,3,True,ALA -3.5,3.5,45.5,-179,157
401012246,333,Alabama,home,LOU,97,51,14,10,111,11,93,37,False,ALA -24,-24.0,62.0,-2837,1267
401012260,333,Alabama,home,ARKST,2032,57,7,4,35,10,84,50,False,ALA -37,-37.0,63.0,,
401012277,333,Alabama,away,MISS,145,62,7,8,60,8,67,55,False,ALA -22.5,22.5,71.5,-2643,1136
401012284,333,Alabama,home,TA&M,245,45,23,9,82,4,50,22,False,ALA -24.5,-24.5,59.0,-2185,1150
401012292,333,Alabama,home,ULL,309,56,14,3,15,4,30,42,False,ALA -49,-49.0,69.0,,
401012300,333,Alabama,away,ARK,8,65,31,5,31,2,20,34,False,ALA -35,35.0,59.0,,
401012307,333,Alabama,home,MIZ,142,39,10,5,60,5,53,29,False,ALA -28.5,-28.5,73.5,-5831,1800
401012318,333,Alabama,away,TENN,2633,58,21,5,36,9,59,37,False,ALA -29,29.0,58.0,-6993,2000
401012327,333,Alabama,away,LSU,99,29,0,6,60,3,15,29,False,,,,-603,443
401012331,333,Alabama,home,MSST,344,24,0,0,0,7,50,24,False,ALA -22.5,-22.5,50.5,-1983,1013
401012338,333,Alabama,home,CIT,2643,50,17,6,68,6,50,33,False,ALA -54.5,-54.5,62.5,,
401012350,333,Alabama,home,AUB,2,52,21,8,82,9,88,31,False,ALA -26.5,-26.5,53.0,-4866,1488
401056705,61,Georgia,home,ALA,333,28,35,6,50,3,10,-7,True,ALA -12,12.0,63.0,462,-553
401056705,333,Alabama,away,UGA,61,35,28,3,10,6,50,7,True,ALA -12,12.0,63.0,-553,462
401032078,333,Alabama,home,OKLA,201,45,34,9,86,7,55,11,False,ALA -14.5,-14.5,80.5,-610,440
401032087,333,Alabama,home,CLEM,228,16,44,6,60,1,12,-28,False,ALA -5.5,-5.5,56.5,-235,185
401032087,228,Clemson,away,ALA,333,44,16,1,12,6,60,28,False,ALA -5.5,-5.5,56.5,185,-235
401110720,333,Alabama,home,DUKE,150,42,3,8,88,8,52,39,False,ALA -34.5,-34.5,57.0,-5000,1550
401110773,333,Alabama,home,NMSU,166,62,10,4,35,1,15,52,False,ALA -55.5,-55.5,64.5,,
401110794,333,Alabama,away,SC,2579,47,23,11,92,5,32,24,False,ALA -26.5,26.5,59.5,-3350,1300
401110797,333,Alabama,home,USM,2572,49,7,1,15,6,55,42,False,ALA -38,-38.0,63.5,,
401110806,333,Alabama,home,MISS,145,59,31,10,76,9,97,28,False,ALA -38,-38.0,63.0,,
401110822,333,Alabama,away,TA&M,245,47,28,11,91,5,55,19,False,ALA -17,17.0,61.5,-950,600
401110824,333,Alabama,home,TENN,2633,35,13,8,93,13,93,22,False,ALA -35,-35.0,62.0,,
401110831,333,Alabama,home,ARK,8,48,7,6,60,0,0,41,False,ALA -32,-32.0,55.5,-14724,2650
401110842,333,Alabama,home,LSU,99,41,46,7,53,4,35,-5,True,ALA -6,-6.0,65.5,-220,177
401110851,333,Alabama,away,MSST,344,38,7,7,86,5,37,31,False,ALA -19,19.0,61.0,-1316,750
401110855,333,Alabama,home,WCU,2717,66,3,4,45,3,36,63,False,ALA -58.5,-58.5,61.5,,
401110865,333,Alabama,away,AUB,2,45,48,13,96,9,60,-3,True,ALA -3.5,3.5,51.0,-182,149
401236951,333,Alabama,away,MIZ,142,38,19,7,49,3,20,19,False,ALA -28.5,28.5,55.5,-4947,1550
401237093,333,Alabama,home,TA&M,245,52,24,6,40,7,58,28,False,ALA -18,-18.0,53.5,-1102,674
401237100,333,Alabama,away,MISS,145,63,48,8,76,6,67,15,False,ALA -24,24.0,74.0,-1804,929
401237107,333,Alabama,home,UGA,61,41,24,6,43,6,52,17,False,ALA -6,-6.0,57.0,-225,177
401237107,61,Georgia,away,ALA,333,24,41,6,52,6,43,-17,False,ALA -6,-6.0,57.0,177,-225
401237114,333,Alabama,away,TENN,2633,48,17,7,45,8,33,31,False,ALA -21.5,21.5,66.5,-1797,852
401237119,333,Alabama,home,MSST,344,41,0,10,71,9,85,41,False,ALA -29.5,-29.5,63.5,-5989,1520
401237135,333,Alabama,home,UK,96,63,3,4,30,7,69,60,False,ALA -31.5,-31.5,57.5,-8289,1789
401237142,333,Alabama,home,AUB,2,42,13,4,30,5,38,29,False,ALA -24.5,-24.5,64.5,-2053,1005
401265817,333,Alabama,away,LSU,99,55,17,4,43,4,30,38,False,ALA -28.5,28.5,64.0,-4357,1500
401267164,333,Alabama,away,ARK,8,52,3,2,23,8,36,49,False,ALA -30,30.0,69.5,-6936,1592
401237074,333,Alabama,away,FLA,57,52,46,8,72,6,50,6,True,ALA -16,16.0,74.0,-829,553
401240152,333,Alabama,home,ND,87,31,14,6,59,3,25,17,False,ALA -19.5,-19.5,65.5,-1203,681
401240152,87,Notre Dame,away,ALA,333,14,31,3,25,6,59,-17,False,ALA -19.5,-19.5,65.5,681,-1203
401281942,333,Alabama,away,MIA,2390,44,13,8,81,7,75,31,False,ALA -19.5,19.5,61.5,-1253,741
401282056,333,Alabama,home,MER,2382,48,14,9,95,7,54,34,False,,,,,
401282071,333,Alabama,away,FLA,57,31,29,11,75,7,67,2,True,ALA -14,14.0,60.0,-660,454
401282081,333,Alabama,home,USM,2572,63,14,7,62,5,36,49,False,ALA -45,-45.0,58.5,,
401282089,333,Alabama,home,MISS,145,42,21,5,52,7,55,21,False,ALA -15,-15.0,79.5,-698,485
401282103,333,Alabama,away,TA&M,245,38,41,8,82,6,50,-3,True,ALA -18.5,18.5,51.0,-1099,684
401282107,333,Alabama,away,MSST,344,49,9,6,60,6,25,40,False,ALA -17.5,17.5,59.5,-982,623
401282111,333,Alabama,home,TENN,2633,52,24,4,30,12,98,28,False,ALA -25.5,-25.5,68.0,-3623,1342
401282120,333,Alabama,home,LSU,99,20,14,9,64,6,30,6,True,ALA -29,-29.0,67.0,-6608,1813
401282127,333,Alabama,home,NMSU,166,59,3,4,37,3,15,56,False,ALA -50.5,-50.5,67.0,,
401282135,333,Alabama,home,ARK,8,42,35,5,45,6,25,7,True,ALA -20.5,-20.5,58.5,-1548,843
401282146,333,Alabama,away,AUB,2,24,22,11,129,7,52,2,True,ALA -20.5,20.5,57.0,-1478,818
401282154,333,Alabama,home,UGA,61,41,24,7,85,6,45,17,False,UGA -6.5,6.5,49.0,197,-249
401282154,61,Georgia,away,ALA,333,24,41,6,45,7,85,-17,False,UGA -6.5,6.5,49.0,-249,197
401331235,333,Alabama,home,CIN,2132,27,6,6,36,6,39,21,False,ALA -13,-13.0,57.5,-509,374
401331242,333,Alabama,home,UGA,61,18,33,6,42,10,70,-15,False,UGA -3,3.0,53.0,127,-151
401331242,61,Georgia,away,ALA,333,33,18,10,70,6,42,15,False,UGA -3,3.0,53.0,-151,127
401403854,333,Alabama,home,USU,328,55,0,6,40,11,110,55,False,ALA -42,-42.0,63.0,,
401403868,333,Alabama,away,TEX,251,20,19,15,100,5,30,1,True,ALA -21,21.0,63.5,-1564,842
401403880,333,Alabama,home,ULM,2433,63,7,6,60,3,25,56,False,ALA -49.5,-49.5,61.5,-10000,4000
401403892,333,Alabama,home,VAN,238,55,3,6,55,6,36,52,False,ALA -40.5,-40.5,60.5,-10000,3000
401403902,333,Alabama,away,ARK,8,49,26,10,101,6,31,23,False,ALA -17,17.0,61.0,-860,571
401403909,333,Alabama,home,TA&M,245,24,20,6,73,8,59,4,True,ALA -24,-24.0,48.0,-3231,1237
401403921,333,Alabama,away,TENN,2633,49,52,17,130,6,39,-3,True,ALA -9,9.0,68.0,-330,259
401403922,333,Alabama,home,MSST,344,30,6,3,20,10,100,24,False,ALA -21,-21.0,61.5,-1735,939
401403934,333,Alabama,away,LSU,99,31,32,9,92,7,64,-1,True,ALA -13.5,13.5,56.5,-549,395
401403943,333,Alabama,away,MISS,145,30,24,5,45,6,50,6,True,ALA -11,11.0,65.5,-428,326
401403946,333,Alabama,home,APSU,2046,34,0,4,30,3,30,34,False,ALA -45,-45.0,58.0,,
401403957,333,Alabama,home,AUB,2,49,27,11,102,10,49,22,False,ALA -22,-22.0,51.0,-2201,1096
401442018,333,Alabama,away,KSU,2306,45,20,5,45,6,40,25,False,ALA -7.5,7.5,58.0,-312,247
401520149,333,Alabama,home,MTSU,2393,56,7,2,19,9,84,49,False,ALA -39,-39.0,54.5,,
401520183,333,Alabama,home,TEX,251,24,34,10,90,4,40,-10,False,,,,-230,180
401520244,333,Alabama,away,USF,58,17,3,5,35,5,40,14,False,,,,,
401520250,333,Alabama,home,MISS,145,24,10,6,60,8,69,14,False,,,,,
401520285,333,Alabama,away,MSST,344,40,17,6,40,3,15,23,False,,,,,
401520310,333,Alabama,away,TA&M,245,26,20,14,99,4,20,6,True,,,,,
401520316,333,Alabama,home,ARK,8,24,21,5,45,2,13,3,True,,,,,
401520333,333,Alabama,home,TENN,2633,34,20,1,5,8,55,14,False,,,,,
401520362,333,Alabama,home,LSU,99,42,28,6,50,8,60,14,False,,,,,
401520386,333,Alabama,away,UK,96,49,21,6,64,4,19,28,False,,,,,
401520401,333,Alabama,home,UTC,236,66,10,3,25,5,25,56,False,,,,,
401520427,333,Alabama,away,AUB,2,27,24,8,72,5,28,3,True,,,,,
401539483,333,Alabama,home,UGA,61,27,24,3,36,5,56,3,True,,,,,
401539483,61,Georgia,away,ALA,333,24,27,5,56,3,36,-3,True,,,,,
401628319,333,Alabama,home,WKU,98,63,0,7,59,4,40,63,False,,,,,
401628335,333,Alabama,home,USF,58,42,16,13,120,11,92,26,False,,,,,
401628350,333,Alabama,away,WIS,275,42,10,4,40,4,23,32,False,,,,,
401628374,333,Alabama,home,UGA,61,41,34,10,90,6,50,7,True,,,,,
401628374,61,Georgia,away,ALA,333,34,41,6,50,10,90,-7,True,,,,,
401628384,333,Alabama,away,VAN,238,35,40,6,57,3,20,-5,True,,,,,
401628385,333,Alabama,home,SC,2579,27,25,7,67,6,49,2,True,,,,,
401628397,333,Alabama,away,TENN,2633,17,24,15,115,11,95,-7,True,,,,,
401628400,333,Alabama,home,MIZ,142,34,0,7,85,5,55,34,False,,,,,
401628413,333,Alabama,away,LSU,99,42,13,7,74,7,65,29,False,,,,,
401628425,333,Alabama,home,MER,2382,52,7,6,60,5,32,45,False,,,,,
401628433,333,Alabama,away,OU,201,3,24,4,30,4,20,-21,False,,,,,
401628437,333,Alabama,home,AUB,2,28,14,6,66,6,46,14,False,,,,,
401752665,333,Alabama,away,FSU,52,17,31,8,70,4,40,-14,False,,,,,
401752681,333,Alabama,home,ULM,2433,73,0,5,55,4,41,73,False,,,,,
401752696,333,Alabama,home,WIS,275,38,14,7,57,6,65,24,False,,,,,
401752718,61,Georgia,home,ALA,333,21,24,6,68,4,16,-3,True,,,,,
401752718,333,Alabama,away,UGA,61,24,21,4,16,6,68,3,True,,,,,
401752726,333,Alabama,home,VAN,238,30,14,3,30,5,52,16,False,,,,,
401752734,333,Alabama,away,MIZ,142,27,24,5,30,4,45,3,True,,,,,
401752738,333,Alabama,home,TENN,2633,37,20,7,59,10,66,17,False,,,,,
401752751,333,Alabama,away,SC,2579,29,22,6,52,5,40,7,True,,,,,
401752759,333,Alabama,home,LSU,99,20,9,2,30,10,74,11,False,,,,,
401752765,333,Alabama,home,OU,201,21,23,2,25,5,37,-2,True,,,,,
401752773,333,Alabama,home,EIU,2197,56,0,4,29,3,35,56,False,,,,,
401752784,333,Alabama,away,AUB,2,27,20,8,87,10,84,7,True,ALA -7,7.0,48.5,,
401777351,333,Alabama,home,UGA,61,7,28,1,5,7,80,-21,False,UGA -1.5,1.5,48.5,110,-130
401777351,61,Georgia,away,ALA,333,28,7,7,80,1,5,21,False,UGA -1.5,1.5,48.5,-130,110
401779840,333,Alabama,away,OU,201,34,24,4,46,5,50,10,False,OU -2.5,-2.5,42.5,120,-142
401769072,333,Alabama,away,IU,84,3,38,1,5,1,10,-35,False,IU -7.5,-7.5,46.5,225,-278
400868972,61,Georgia,away,UNC,153,33,24,9,70,13,101,9,False,UGA -3.5,3.5,,,
400868984,61,Georgia,home,NICH,2447,26,24,3,34,4,18,2,True,UGA -49.5,-49.5,,,
400868998,61,Georgia,away,MIZ,142,28,27,3,30,7,50,1,True,UGA -6,6.0,,,
400869005,61,Georgia,away,MISS,145,14,45,8,52,4,25,-31,False,MISS -6,-6.0,,,
400869013,61,Georgia,home,TENN,2633,31,34,8,44,2,25,-3,True,TENN -2.5,2.5,,,
400869022,61,Georgia,away,SC,2579,28,14,8,56,5,44,14,False,UGA -8.5,8.5,,,
400869026,61,Georgia,home,VAN,238,16,17,8,53,5,45,-1,True,UGA -14.5,-14.5,,,
400869035,61,Georgia,home,FLA,57,10,24,5,49,6,45,-14,False,FLA -7.5,7.5,,,
400869043,61,Georgia,away,UK,96,27,24,6,54,5,40,3,True,UGA -2.5,2.5,,,
400869052,61,Georgia,home,AUB,2,13,7,5,30,3,36,6,True,AUB -8,8.0,,,
400869059,61,Georgia,home,ULL,309,35,21,2,15,5,35,14,False,UGA -21,-21.0,,,
400869070,61,Georgia,home,GT,59,27,28,2,15,4,45,-1,True,UGA -4.5,-4.5,,,
400876103,61,Georgia,away,TCU,2628,31,23,7,45,2,10,8,True,TCU -1.5,-1.5,,,
400933831,61,Georgia,home,APP,2026,31,10,8,46,11,105,21,False,UGA -12.5,-12.5,46.5,-484,376
400933845,87,Notre Dame,home,UGA,61,19,20,8,63,12,127,-1,True,ND -5.5,-5.5,57.0,-210,178
400933845,61,Georgia,away,ND,87,20,19,12,127,8,63,1,True,ND -5.5,-5.5,57.0,178,-210
400933857,61,Georgia,home,SAM,2535,42,14,3,25,3,17,28,False,UGA -33.5,-33.5,,,
400933865,61,Georgia,home,MSST,344,31,3,4,35,4,35,28,False,UGA -2.5,-2.5,50.0,-142,122
400933878,61,Georgia,away,TENN,2633,41,0,6,65,5,26,41,False,UGA -10,10.0,47.0,-404,320
400933885,61,Georgia,away,VAN,238,45,14,7,46,5,25,31,False,UGA -17,17.0,40.5,-870,614
400933888,61,Georgia,home,MIZ,142,53,28,8,42,4,40,25,False,UGA -29,-29.0,59.0,,
400933898,61,Georgia,away,FLA,57,42,7,7,40,14,85,35,False,UGA -13.5,13.5,43.5,-484,377
400933906,61,Georgia,home,SC,2579,24,10,5,55,2,15,14,False,UGA -23.5,-23.5,45.0,-2391,1130
400933913,61,Georgia,away,AUB,2,17,40,7,75,5,29,-23,False,UGA -2.5,2.5,48.0,-143,122
400933925,61,Georgia,home,UK,96,42,13,7,59,2,30,29,False,UGA -23.5,-23.5,51.0,-2069,1101
400933934,61,Georgia,away,GT,59,38,7,2,25,3,40,31,False,UGA -11.5,11.5,51.0,-461,361
400955153,61,Georgia,away,AUB,2,28,7,7,91,5,39,21,False,UGA -1.5,1.5,48.0,-138,125
400953412,61,Georgia,away,OKLA,201,54,48,6,39,1,5,6,True,UGA -2.5,2.5,62.5,-144,130
401012250,61,Georgia,home,PEAY,2046,45,0,3,40,3,15,45,False,UGA -48,-48.0,59.5,,
401012268,61,Georgia,away,SC,2579,41,17,4,47,3,40,24,False,UGA -9,9.0,53.0,-339,274
401012275,61,Georgia,home,MTSU,2393,49,7,7,54,3,35,42,False,UGA -34,-34.0,58.5,,
401012289,61,Georgia,away,MIZ,142,43,29,7,66,5,30,14,False,UGA -15,15.0,68.5,-714,495
401012295,61,Georgia,home,TENN,2633,38,12,6,40,5,25,26,False,UGA -30,-30.0,54.5,,
401012302,61,Georgia,home,VAN,238,41,13,13,115,9,69,28,False,UGA -26.5,-26.5,56.0,-4444,1550
401012310,61,Georgia,away,LSU,99,16,36,4,20,2,19,-20,False,UGA -7,7.0,48.5,-279,228
401012320,61,Georgia,home,FLA,57,36,17,4,53,7,27,19,False,UGA -7,-7.0,52.0,-267,205
401012326,61,Georgia,away,UK,96,34,17,4,45,6,64,17,False,UGA -9.5,9.5,47.5,-355,281
401012334,61,Georgia,home,AUB,2,27,10,12,85,6,52,17,False,UGA -13,-13.0,52.5,-595,462
401012341,61,Georgia,home,UMASS,113,66,27,2,20,7,59,39,False,UGA -41.5,-41.5,66.5,,
401012352,61,Georgia,home,GT,59,45,21,2,10,2,20,24,False,UGA -17,-17.0,59.5,-861,578
401032086,61,Georgia,home,TEX,251,21,28,3,35,6,60,-7,True,UGA -13,-13.0,58.0,-534,403
401110732,61,Georgia,away,VAN,238,30,6,10,115,10,63,24,False,UGA -23.5,23.5,56.5,-2150,930
401110776,61,Georgia,home,MURR,93,63,17,5,40,5,40,46,False,UGA -49.5,-49.5,61.5,,
401110788,61,Georgia,home,ARST,2032,55,0,5,41,2,10,55,False,UGA -33,-33.0,58.5,,
401110800,61,Georgia,home,ND,87,23,17,6,43,12,85,6,True,UGA -16,-16.0,58.5,-580,470
401110800,87,Notre Dame,away,UGA,61,17,23,12,85,6,43,-6,True,UGA -16,-16.0,58.5,470,-580
401110816,61,Georgia,away,TENN,2633,43,14,11,107,6,51,29,False,UGA -24.5,24.5,50.5,-3349,1179
401110817,61,Georgia,home,SC,2579,17,20,6,60,11,68,-3,True,UGA -21,-21.0,52.0,-440,710
401110826,61,Georgia,home,UK,96,21,0,4,33,7,60,21,False,UGA -24,-24.0,45.5,-1184,878
401110838,61,Georgia,away,FLA,57,24,17,8,46,6,40,7,True,UGA -6.5,6.5,47.5,-253,200
401110845,61,Georgia,home,MIZ,142,27,0,3,15,5,47,27,False,UGA -18.5,-18.5,48.0,-1541,819
401110849,61,Georgia,away,AUB,2,21,14,7,56,4,35,7,True,UGA -3,3.0,42.5,-153,127
401110857,61,Georgia,home,TA&M,245,19,13,2,30,7,45,6,True,UGA -12,-12.0,43.5,-522,377
401110867,61,Georgia,away,GT,59,52,7,0,0,4,34,45,False,UGA -28.5,28.5,46.0,-18321,2288
401132981,61,Georgia,away,LSU,99,10,37,3,17,5,45,-27,False,LSU -7,-7.0,57.0,228,-295
401135289,61,Georgia,away,BAY,239,26,14,6,82,10,90,12,False,BAY -3.5,-3.5,43.5,-179,147
401237033,61,Georgia,away,ARK,8,37,10,12,108,10,53,27,False,UGA -28,28.0,53.0,-4765,1450
401237095,61,Georgia,home,AUB,2,27,6,8,59,7,46,21,False,UGA -7.5,-7.5,44.5,-301,238
401237103,61,Georgia,home,TENN,2633,44,21,6,70,10,84,23,False,UGA -12,-12.0,43.0,-525,383
401237117,61,Georgia,away,UK,96,14,3,2,19,6,54,11,False,UGA -17,17.0,42.0,-979,607
401237125,61,Georgia,home,FLA,57,28,44,3,35,3,15,-16,False,UGA -3,-3.0,54.5,-150,124
401237139,61,Georgia,home,MSST,344,31,24,5,60,3,25,7,True,UGA -26.5,-26.5,44.0,-2996,1273
401237145,61,Georgia,away,SC,2579,45,16,6,50,2,10,29,False,UGA -22,22.0,50.5,-1914,923
401267161,61,Georgia,away,MIZ,142,49,14,1,9,4,30,35,False,UGA -14,14.0,54.5,-569,414
401256108,61,Georgia,away,CIN,2132,24,21,6,66,11,80,3,True,CIN -7,-7.0,50.5,-266,215
401281946,228,Clemson,home,UGA,61,3,10,7,59,10,94,-7,True,CLEM -2.5,-2.5,51.5,-145,122
401281946,61,Georgia,away,CLEM,228,10,3,10,94,7,59,7,True,CLEM -2.5,-2.5,51.5,122,-145
401282060,61,Georgia,home,UAB,5,56,7,4,47,11,78,49,False,UGA -22.5,-22.5,44.0,-4975,1467
401282072,61,Georgia,home,SC,2579,40,13,7,52,9,70,27,False,UGA -31.5,-31.5,47.5,-10000,2800
401282088,61,Georgia,away,VAN,238,62,0,4,17,4,29,62,False,UGA -36,36.0,54.0,-10000,3300
401282090,61,Georgia,home,ARK,8,37,0,6,40,13,101,37,False,UGA -16.5,-16.5,48.5,-993,634
401282097,61,Georgia,away,AUB,2,34,10,3,18,5,34,24,False,UGA -14.5,14.5,45.5,-742,506
401282105,61,Georgia,home,UK,96,30,13,5,32,3,15,17,False,UGA -21.5,-21.5,44.5,-2293,1088
401282117,61,Georgia,away,FLA,57,34,7,6,38,8,50,27,False,UGA -14,14.0,50.5,-634,449
401282122,61,Georgia,home,MIZ,142,43,6,4,35,5,25,37,False,UGA -40,-40.0,59.5,-10000,-10000
401282133,61,Georgia,away,TENN,2633,41,17,5,55,6,40,24,False,UGA -19.5,19.5,55.5,-1245,746
401282136,61,Georgia,home,CHSO,2127,56,7,2,25,5,53,49,False,UGA -52.5,-52.5,59.5,,
401282148,61,Georgia,away,GT,59,45,0,0,0,5,43,45,False,UGA -35.5,35.5,54.5,,
401403858,61,Georgia,home,ORE,2483,49,3,7,75,5,35,46,False,UGA -16,-16.0,54.5,-853,565
401403872,61,Georgia,home,SAM,2535,33,0,4,25,5,36,33,False,UGA -53,-53.0,62.5,,
401403888,61,Georgia,away,SC,2579,48,7,3,20,5,60,41,False,UGA -25.5,25.5,56.0,-4180,1410
401403895,61,Georgia,home,KENT,2309,39,22,2,25,4,22,17,False,UGA -45,-45.0,61.5,-10000,2500
401403907,61,Georgia,away,MIZ,142,26,22,5,55,7,66,4,True,UGA -30.5,30.5,54.5,-10000,2000
401403911,61,Georgia,home,AUB,2,42,10,4,45,10,60,32,False,UGA -28,-28.0,49.5,-8824,1600
401403918,61,Georgia,home,VAN,238,55,0,3,29,5,42,55,False,UGA -37.5,-37.5,56.5,-10000,3000
401403928,61,Georgia,home,FLA,57,42,20,4,40,7,53,22,False,UGA -23,-23.0,56.5,-2603,1128
401403933,61,Georgia,home,TENN,2633,27,13,6,60,9,55,14,False,UGA -10,-10.0,65.5,-344,266
401403944,61,Georgia,away,MSST,344,45,19,6,66,5,41,26,False,UGA -16.5,16.5,53.0,-829,552
401403949,61,Georgia,away,UK,96,16,6,4,55,3,12,10,False,UGA -22.5,22.5,47.5,-2081,1059
401403959,61,Georgia,home,GT,59,37,14,6,70,6,32,23,False,UGA -36.5,-36.5,49.0,,
401437036,61,Georgia,home,LSU,99,50,30,4,33,3,24,20,False,UGA -17.5,-17.5,52.0,-956,619
401442010,61,Georgia,home,TCU,2628,65,7,4,30,5,50,58,False,UGA -13.5,-13.5,61.5,-522,388
401520154,61,Georgia,home,UTM,2630,48,7,5,42,10,72,41,False,,,,,
401520191,61,Georgia,home,BALL,2050,45,3,3,40,3,27,42,False,,,,,
401520225,61,Georgia,home,SC,2579,24,14,6,45,11,73,10,False,,,,,
401520252,61,Georgia,home,UAB,5,49,21,5,40,4,29,28,False,,,,,
401520280,61,Georgia,away,AUB,2,27,20,3,30,1,5,7,True,,,,,
401520300,61,Georgia,home,UK,96,51,13,6,59,5,60,38,False,,,,,
401520327,61,Georgia,away,VAN,238,37,20,4,39,5,30,17,False,,,,,
401520352,61,Georgia,away,FLA,57,43,20,2,10,2,17,23,False,,,,,
401520364,61,Georgia,home,MIZ,142,30,21,5,55,8,49,9,False,,,,,
401520382,61,Georgia,home,MISS,145,52,17,5,55,9,68,35,False,,,,,
401520419,61,Georgia,away,TENN,2633,38,10,2,15,3,20,28,False,,,,,
401520430,61,Georgia,away,GT,59,31,23,6,60,3,15,8,True,,,,,
401551773,61,Georgia,away,FSU,52,63,3,5,55,3,44,60,False,,,,,
401628323,61,Georgia,home,CLEM,228,34,3,7,70,3,15,31,False,,,,,
401628323,228,Clemson,away,UGA,61,3,34,3,15,7,70,-31,False,,,,,
401628339,61,Georgia,home,TNTC,2635,48,3,9,85,5,51,45,False,,,,,
401628354,61,Georgia,away,UK,96,13,12,9,85,4,23,1,True,,,,,
401628381,61,Georgia,home,AUB,2,31,13,7,85,5,25,18,False,,,,,
401628386,61,Georgia,home,MSST,344,41,31,5,54,8,65,10,False,,,,,
401628398,61,Georgia,away,TEX,251,30,15,7,78,8,41,15,False,,,,,
401628408,61,Georgia,home,FLA,57,34,20,5,48,5,42,14,False,,,,,
401628414,61,Georgia,away,MISS,145,10,28,4,20,3,30,-18,False,,,,,
401628421,61,Georgia,home,TENN,2633,31,17,7,59,9,70,14,False,,,,,
401628430,61,Georgia,home,MASS,113,59,21,1,5,3,40,38,False,,,,,
401628439,61,Georgia,home,GT,59,44,42,3,27,5,29,2,True,,,,,
401673469,61,Georgia,away,TEX,251,22,19,5,49,11,94,3,True,,,,,
401677184,61,Georgia,home,ND,87,10,23,5,36,10,75,-13,False,,,,,
401677184,87,Notre Dame,away,UGA,61,23,10,10,75,5,36,13,False,,,,,
401752669,61,Georgia,home,MRSH,276,45,7,2,15,6,42,38,False,,,,,
401752685,61,Georgia,home,APSU,2046,28,6,3,24,3,10,22,False,,,,,
401752705,61,Georgia,away,TENN,2633,44,41,5,39,10,82,3,True,,,,,
401752728,61,Georgia,home,UK,96,35,14,7,58,7,41,21,False,,,,,
401752731,61,Georgia,away,AUB,2,20,10,6,60,11,103,10,False,,,,,
401752742,61,Georgia,home,MISS,145,43,35,3,37,4,40,8,True,,,,,
401752755,61,Georgia,away,FLA,57,24,20,7,65,5,50,4,True,,,,,
401752762,61,Georgia,away,MSST,344,41,21,6,50,5,35,20,False,,,,,
401752766,61,Georgia,home,TEX,251,35,10,1,15,9,58,25,False,,,,,
401752776,61,Georgia,home,CLT,2429,35,3,2,15,5,35,32,False,,,,,
401752786,61,Georgia,away,GT,59,16,9,5,45,5,57,7,True,UGA -16.5,16.5,60.5,-700,500
401769073,61,Georgia,home,MISS,145,34,39,4,38,4,48,-5,True,UGA -6,-6.0,53.5,-218,180
400868971,228,Clemson,away,AUB,2,19,13,6,55,9,60,6,True,CLEM -7.5,7.5,,,
400869430,228,Clemson,home,TROY,2653,30,24,7,71,11,95,6,True,CLEM -34,-34.0,,,
400869438,228,Clemson,home,SCST,2569,59,0,7,59,5,19,59,False,CLEM -54,-54.0,,,
400869446,228,Clemson,away,GT,59,26,7,10,80,2,15,19,False,CLEM -11,11.0,,,
400869453,228,Clemson,home,LOU,97,42,36,6,59,11,104,6,True,CLEM -3.5,-3.5,,,
400869457,228,Clemson,away,BC,103,56,10,4,23,6,52,46,False,CLEM -17,17.0,,,
400869462,228,Clemson,home,NCST,152,24,17,5,40,13,120,7,True,CLEM -17,-17.0,,,
400869473,228,Clemson,away,FSU,52,37,34,9,84,13,111,3,True,CLEM -3,3.0,,,
400869477,228,Clemson,home,SYR,183,54,0,3,30,10,55,54,False,CLEM -28,-28.0,,,
400869485,228,Clemson,home,PITT,221,42,43,9,101,3,40,-1,True,CLEM -19,-19.0,,,
400869491,228,Clemson,away,WAKE,154,35,13,6,33,5,44,22,False,CLEM -23.5,23.5,,,
400869074,228,Clemson,home,SC,2579,56,7,7,75,5,54,49,False,CLEM -24.5,-24.5,,,
400926944,228,Clemson,away,VT,259,42,35,8,65,8,89,7,True,CLEM -8.5,8.5,,,
400937447,228,Clemson,home,KENT,2309,56,3,4,45,11,79,53,False,CLEM -38,-38.0,52.0,,
400933843,228,Clemson,home,AUB,2,14,6,8,60,5,40,8,True,CLEM -6,-6.0,54.5,-227,190
400937461,228,Clemson,away,LOU,97,47,21,4,30,4,35,26,False,CLEM -3,3.0,61.0,-163,141
400937470,228,Clemson,home,BC,103,34,7,2,10,2,20,27,False,CLEM -33.5,-33.5,53.0,-800,525
400937481,228,Clemson,away,VT,259,31,17,4,20,4,31,14,False,CLEM -7,7.0,48.0,-295,243
400937489,228,Clemson,home,WAKE,154,28,14,9,79,4,25,14,False,CLEM -21,-21.0,50.5,-2069,1075
400937493,228,Clemson,away,SYR,183,24,27,11,119,12,100,-3,True,CLEM -24,24.0,58.0,-585,1080
400937505,228,Clemson,home,GT,59,24,10,5,45,2,20,14,False,CLEM -14,-14.0,49.5,-558,428
400937510,228,Clemson,away,NCST,152,38,31,3,23,6,69,7,True,CLEM -9.5,9.5,51.0,-376,302
400937516,228,Clemson,home,FSU,52,31,14,7,80,4,55,17,False,CLEM -16.5,-16.5,44.5,-796,562
400937521,228,Clemson,home,CIT,2643,61,3,4,30,5,41,58,False,CLEM -47.5,-47.5,,,
400933937,228,Clemson,away,SC,2579,34,10,2,25,9,76,24,False,CLEM -13.5,13.5,46.5,-522,404
400955155,228,Clemson,home,MIAMI,2390,38,3,2,13,4,30,35,False,CLEM -12.5,-12.5,47.5,-533,410
401013088,228,Clemson,home,FUR,231,48,7,4,50,3,22,41,False,CLEM -50.5,-50.5,58.5,,
401012270,228,Clemson,away,TA&M,245,28,26,4,49,5,32,2,True,CLEM -12.5,12.5,51.0,-523,401
401013110,228,Clemson,home,GASO,290,38,7,7,65,4,20,31,False,CLEM -32,-32.0,49.5,,
401013120,228,Clemson,away,GT,59,49,21,6,68,4,30,28,False,CLEM -16.5,16.5,55.0,-792,536
401013131,228,Clemson,home,SYR,183,27,23,3,16,5,31,4,True,CLEM -24.5,-24.5,64.5,-3663,1367
401013140,228,Clemson,away,WAKE,154,63,3,3,28,5,55,60,False,CLEM -20.5,20.5,61.0,-1568,850
401013149,228,Clemson,home,NCST,152,41,7,8,67,6,49,34,False,CLEM -18.5,-18.5,57.5,-1104,680
401013155,228,Clemson,away,FSU,52,59,10,5,50,16,134,49,False,CLEM -18,18.0,49.5,-1241,725
401013162,228,Clemson,home,LOU,97,77,16,3,15,10,100,61,False,CLEM -38.5,-38.5,61.0,,
401013169,228,Clemson,away,BC,103,27,7,2,15,6,42,20,False,CLEM -17.5,17.5,51.0,-1123,690
401013176,228,Clemson,home,DUKE,150,35,6,7,54,6,52,29,False,CLEM -28,-28.0,58.5,-6993,2000
401012355,228,Clemson,home,SC,2579,56,35,8,79,7,48,21,False,CLEM -26,-26.0,58.5,-2122,1067
401056697,228,Clemson,away,PITT,221,42,10,6,41,8,54,32,False,CLEM -28,28.0,53.0,-5311,1667
401032079,228,Clemson,home,ND,87,30,3,6,65,7,50,27,False,CLEM -10.5,-10.5,58.0,-390,300
401032079,87,Notre Dame,away,CLEM,228,3,30,7,50,6,65,-27,False,CLEM -10.5,-10.5,58.0,300,-390
401111653,228,Clemson,home,GT,59,52,14,6,43,2,10,38,False,CLEM -36.5,-36.5,60.5,-200,180
401110784,228,Clemson,home,TA&M,245,24,10,4,30,9,85,14,False,CLEM -16,-16.0,62.0,-1050,750
401112449,228,Clemson,away,SYR,183,41,6,7,70,9,85,35,False,CLEM -28,28.0,64.0,-2900,1200
401112456,228,Clemson,home,CLT,2429,52,10,5,42,11,106,42,False,CLEM -41.5,-41.5,61.5,,
401112467,228,Clemson,away,UNC,153,21,20,6,30,3,20,1,True,CLEM -27.5,27.5,60.5,-1350,1000
401112479,228,Clemson,home,FSU,52,45,14,6,65,7,68,31,False,CLEM -26.5,-26.5,61.0,-3650,1250
401112485,228,Clemson,away,LOU,97,45,10,6,47,5,40,35,False,CLEM -24.5,24.5,62.5,-2429,1101
401112490,228,Clemson,home,BC,103,59,7,3,20,4,55,52,False,CLEM -35,-35.0,59.0,-13759,2625
401112496,228,Clemson,home,WOF,2747,59,14,6,49,2,30,45,False,CLEM -48.5,-48.5,58.5,,
401112503,228,Clemson,away,NCST,152,55,10,10,72,6,45,45,False,CLEM -35,35.0,54.5,-20483,2971
401112508,228,Clemson,home,WAKE,154,52,3,4,35,3,25,49,False,CLEM -34.5,-34.5,59.5,-12042,2629
401110870,228,Clemson,away,SC,2579,38,3,5,44,4,33,35,False,CLEM -27.5,27.5,50.5,-6888,1689
401132975,228,Clemson,home,UVA,258,62,17,4,25,3,27,45,False,CLEM -29,-29.0,57.0,-5323,1427
401135295,228,Clemson,away,LSU,99,25,42,7,65,11,118,-17,False,LSU -4.5,-4.5,66.5,161,-194
401234562,228,Clemson,away,WAKE,154,37,13,5,55,1,6,24,False,CLEM -34.5,34.5,58.5,-8235,1950
401237492,228,Clemson,home,CIT,2643,49,0,5,35,11,75,49,False,CLEM -50.5,-50.5,57.0,,
401234598,228,Clemson,home,UVA,258,41,23,8,65,1,15,18,False,CLEM -28,-28.0,55.0,-4906,1423
401234604,228,Clemson,home,MIAMI,2390,42,17,8,85,15,135,25,False,CLEM -14.5,-14.5,60.5,-650,453
401234610,228,Clemson,away,GT,59,73,7,2,20,3,40,66,False,CLEM -26.5,26.5,64.5,-3516,1302
401234618,228,Clemson,home,SYR,183,47,21,4,25,5,35,26,False,CLEM -47.5,-47.5,63.0,-10000,2000
401234624,228,Clemson,home,BC,103,34,28,9,82,12,92,6,True,CLEM -26.5,-26.5,56.0,-3131,1218
401234632,87,Notre Dame,home,CLEM,228,47,40,7,51,4,46,7,True,CLEM -5,5.0,50.5,168,-201
401234632,228,Clemson,away,ND,87,40,47,4,46,7,51,-7,True,CLEM -5,5.0,50.5,-201,168
401234651,228,Clemson,home,PITT,221,52,17,8,55,6,33,35,False,CLEM -24,-24.0,58.5,-2012,952
401234657,228,Clemson,away,VT,259,45,10,4,30,2,25,35,False,CLEM -23,23.0,66.5,-1824,922
401256001,87,Notre Dame,home,CLEM,228,10,34,2,25,5,60,-24,False,CLEM -11,11.0,58.0,334,-438
401256001,228,Clemson,away,ND,87,34,10,5,60,2,25,24,False,CLEM -11,11.0,58.0,-438,334
401282615,228,Clemson,home,SCST,2569,49,3,5,35,10,70,46,False,CLEM -50.5,-50.5,56.0,,
401282627,228,Clemson,home,GT,59,14,8,8,66,10,63,6,True,CLEM -27.5,-27.5,52.5,-6222,1700
401282643,228,Clemson,away,NCST,152,21,27,13,94,11,105,-6,True,CLEM -10.5,10.5,47.5,-429,321
401282647,228,Clemson,home,BC,103,19,13,6,60,10,60,6,True,CLEM -14.5,-14.5,46.5,-689,479
401282657,228,Clemson,away,SYR,183,17,14,7,60,8,77,3,True,CLEM -13.5,13.5,44.0,-607,423
401282666,228,Clemson,away,PITT,221,17,27,5,46,9,87,-10,False,PITT -3.5,-3.5,47.0,144,-171
401282670,228,Clemson,home,FSU,52,30,20,6,25,9,85,10,False,CLEM -9.5,-9.5,47.5,-382,294
401282680,228,Clemson,away,LOU,97,30,24,3,30,7,53,6,True,CLEM -3.5,3.5,46.5,-177,149
401282684,228,Clemson,home,CONN,41,44,7,5,47,11,70,37,False,CLEM -40.5,-40.5,50.5,,
401282693,228,Clemson,home,WAKE,154,48,27,4,30,7,35,21,False,CLEM -3.5,-3.5,57.0,-178,151
401282152,228,Clemson,away,SC,2579,30,0,5,45,3,20,30,False,CLEM -11.5,11.5,42.5,-488,353
401331227,228,Clemson,away,ISU,66,20,13,5,60,8,70,7,True,CLEM -2,2.0,45.0,-126,105
401411101,228,Clemson,away,GT,59,41,10,3,10,10,86,31,False,CLEM -24.5,24.5,51.5,-3808,1339
401411102,228,Clemson,home,FUR,231,35,12,6,45,7,64,23,False,CLEM -45.5,-45.5,51.5,,
401426556,228,Clemson,home,LT,2348,48,20,6,60,6,43,28,False,CLEM -33.5,-33.5,53.5,-10000,3300
401411123,228,Clemson,away,WAKE,154,51,45,10,120,3,45,6,True,CLEM -7.5,7.5,58.0,-300,236
401411125,228,Clemson,home,NCST,152,30,20,9,95,10,86,10,False,CLEM -6.5,-6.5,45.5,-255,206
401411131,228,Clemson,away,BC,103,31,3,2,10,3,35,28,False,CLEM -21,21.0,48.5,-1526,843
401411138,228,Clemson,away,FSU,52,34,28,8,72,3,17,6,True,CLEM -4.5,4.5,51.0,-202,167
401411142,228,Clemson,home,SYR,183,27,21,6,50,10,88,6,True,CLEM -14,-14.0,50.0,-619,434
401404130,87,Notre Dame,home,CLEM,228,35,14,5,67,7,55,21,False,CLEM -3.5,3.5,43.5,152,-183
401404130,228,Clemson,away,ND,87,14,35,7,55,5,67,-21,False,CLEM -3.5,3.5,43.5,-183,152
401411158,228,Clemson,home,LOU,97,31,16,4,25,6,65,15,False,CLEM -7,-7.0,52.0,-272,219
401411165,228,Clemson,home,MIA,2390,40,10,2,19,6,58,30,False,CLEM -19,-19.0,47.5,-1135,712
401403962,228,Clemson,home,SC,2579,30,31,3,23,5,55,-1,True,CLEM -14,-14.0,53.0,-623,450
401437009,228,Clemson,away,UNC,153,39,10,6,46,3,25,29,False,CLEM -7.5,7.5,64.0,-288,232
401442019,228,Clemson,home,TENN,2633,14,31,4,45,9,105,-17,False,CLEM -4.5,-4.5,61.0,-183,154
401525468,228,Clemson,away,DUKE,150,7,28,1,5,7,45,-21,False,CLEM -12.5,12.5,57.5,-491,365
401525491,228,Clemson,home,CHSO,2127,66,17,4,30,2,20,49,False,,,,,
401525501,228,Clemson,home,FAU,2226,48,14,5,55,6,60,34,False,,,,,
401525507,228,Clemson,home,FSU,52,24,31,6,50,7,60,-7,True,,,,-148,120
401525514,228,Clemson,away,SYR,183,31,14,6,59,9,92,17,False,,,,,
401525517,228,Clemson,home,WAKE,154,17,12,6,69,3,20,5,True,,,,,
401525529,228,Clemson,away,MIA,2390,20,28,7,38,8,90,-8,True,,,,,
401525534,228,Clemson,away,NCSU,152,17,24,4,45,2,6,-7,True,,,,,
401525441,228,Clemson,home,ND,87,31,23,0,0,5,40,8,True,,,,,
401525441,87,Notre Dame,away,CLEM,228,23,31,5,40,0,0,-8,True,,,,,
401525548,228,Clemson,home,GT,59,42,21,6,69,4,38,21,False,,,,,
401525554,228,Clemson,home,UNC,153,31,20,7,58,10,75,11,False,,,,,
401520441,228,Clemson,away,SC,2579,16,7,6,40,4,30,9,False,,,,,
401551766,228,Clemson,away,UK,96,38,35,6,36,4,45,3,True,,,,,
401635532,228,Clemson,home,APP,2026,66,20,8,85,7,73,46,False,,,,,
401635552,228,Clemson,home,NCSU,152,59,35,6,75,4,29,24,False,,,,,
401635561,228,Clemson,home,STAN,24,40,14,3,35,5,58,26,False,,,,,
401635569,228,Clemson,away,FSU,52,29,13,3,30,7,75,16,False,,,,,
401635576,228,Clemson,away,WAKE,154,49,14,5,42,5,50,35,False,,,,,
401635588,228,Clemson,home,UVA,258,48,31,10,97,6,61,17,False,,,,,
401635600,228,Clemson,home,LOU,97,21,33,5,39,6,35,-12,False,,,,,
401635607,228,Clemson,away,VT,259,24,14,7,64,6,45,10,False,,,,,
401635582,228,Clemson,away,PITT,221,24,20,6,57,13,100,4,True,,,,,
401635614,228,Clemson,home,CIT,2643,51,14,5,48,5,35,37,False,,,,,
401628444,228,Clemson,home,SC,2579,14,17,3,15,7,66,-3,True,,,,,
401673463,228,Clemson,away,SMU,2567,34,31,0,0,6,65,3,True,,,,,
401677176,228,Clemson,away,TEX,251,24,38,5,65,2,10,-14,False,,,,,
401752671,228,Clemson,home,LSU,99,10,17,6,57,6,45,-7,True,,,,,
401754637,228,Clemson,home,TROY,2653,27,16,3,30,10,97,11,False,,,,,
401754623,228,Clemson,away,GT,59,21,24,2,25,3,16,-3,True,,,,,
401754537,228,Clemson,home,SYR,183,21,34,8,75,7,52,-13,False,,,,,
401754552,228,Clemson,away,UNC,153,38,10,7,85,8,75,28,False,,,,,
401754558,228,Clemson,away,BC,103,41,10,3,28,3,40,31,False,,,,,
401754565,228,Clemson,home,SMU,2567,24,35,2,9,5,60,-11,False,,,,,
401754577,228,Clemson,home,DUKE,150,45,46,8,87,9,62,-1,True,,,,,
401754586,228,Clemson,home,FSU,52,24,10,2,17,5,50,14,False,,,,,
401754591,228,Clemson,away,LOU,97,20,19,3,30,10,84,1,True,,,,,
401754605,228,Clemson,home,FUR,231,45,10,5,54,4,35,35,False,,,,,
401752790,228,Clemson,away,SC,2579,28,14,7,45,5,54,14,False,SC -2.5,-2.5,46.5,114,-135
400868946,87,Notre Dame,away,TEX,251,47,50,8,64,11,104,-3,True,ND -2.5,2.5,,,
400868947,87,Notre Dame,home,NEV,2440,39,10,9,94,11,88,29,False,ND -26,-26.0,,,
400868948,87,Notre Dame,home,MSU,127,28,36,4,51,3,45,-8,True,ND -7,-7.0,,,
400868949,87,Notre Dame,home,DUKE,150,35,38,2,20,1,5,-3,True,ND -20,-20.0,,,
400868950,87,Notre Dame,away,SYR,183,50,33,6,55,5,45,17,False,ND -12,12.0,,,
400868951,87,Notre Dame,away,NCST,152,3,10,5,40,2,20,-7,True,ND -2.5,2.5,,,
400868952,87,Notre Dame,home,STAN,24,10,17,7,47,5,40,-7,True,EVEN,0.0,,,
400868953,87,Notre Dame,home,MIAMI,2390,30,27,7,53,10,86,3,True,ND -1,-1.0,,,
400868954,87,Notre Dame,away,NAVY,2426,27,28,7,47,1,5,-1,True,NAVY -4.5,-4.5,,,
400868919,87,Notre Dame,home,ARMY,349,44,6,7,35,7,68,38,False,ND -11.5,-11.5,,,
400868955,87,Notre Dame,home,VT,259,31,34,10,78,5,35,-3,True,,,,,
400868956,87,Notre Dame,away,USC,30,27,45,6,54,7,65,-18,False,USC -17,-17.0,,,
400934573,87,Notre Dame,home,TEM,218,49,16,4,20,6,42,33,False,ND -19.5,-19.5,56.5,-1359,820
400934574,87,Notre Dame,away,BC,103,49,20,5,45,6,35,29,False,ND -14,14.0,53.0,-587,441
400934575,87,Notre Dame,away,MSU,127,38,18,6,65,9,97,20,False,,,,-163,141
400934576,87,Notre Dame,home,M-OH,193,52,17,5,60,9,90,35,False,ND -21,-21.0,53.5,-1829,1006
400934577,87,Notre Dame,away,UNC,153,33,10,10,80,10,104,23,False,ND -13,13.0,63.5,-512,399
400934578,87,Notre Dame,home,USC,30,49,14,7,51,7,40,35,False,ND -4,-4.0,61.5,-179,156
400934579,87,Notre Dame,home,NCST,152,35,14,4,29,12,89,21,False,ND -7,-7.0,61.0,-311,292
400934580,87,Notre Dame,home,WAKE,154,48,37,5,40,3,15,11,False,ND -16.5,-16.5,56.0,-799,571
400934581,87,Notre Dame,away,MIAMI,2390,8,41,6,49,1,5,-33,False,ND -3.5,3.5,59.5,-172,149
400934582,87,Notre Dame,home,NAVY,2426,24,17,3,35,2,16,7,True,ND -20.5,-20.5,58.5,-1531,890
400934583,87,Notre Dame,away,STAN,24,20,38,8,81,3,30,-18,False,ND -3,3.0,57.0,-149,129
400953414,87,Notre Dame,away,LSU,99,21,17,4,15,5,27,4,True,LSU -2,-2.0,52.0,102,-122
401013377,87,Notre Dame,home,BALL,2050,24,16,2,20,3,10,8,True,ND -34.5,-34.5,60.5,,
401012283,87,Notre Dame,home,VAN,238,22,17,6,63,5,60,5,True,ND -14,-14.0,52.0,-639,456
401013129,87,Notre Dame,away,WAKE,154,56,27,4,37,3,23,29,False,ND -6.5,6.5,59.5,-250,206
401012758,87,Notre Dame,home,STAN,24,38,17,6,67,7,50,21,False,ND -4.5,-4.5,52.5,-203,171
401013143,87,Notre Dame,away,VT,259,45,23,5,19,6,41,22,False,ND -6.5,6.5,54.5,-253,208
401013148,87,Notre Dame,home,PITT,221,19,14,4,35,8,80,5,True,ND -21,-21.0,56.0,-2019,963
401013189,87,Notre Dame,away,NAVY,2426,44,22,3,40,4,16,22,False,ND -22,22.0,56.5,-2092,975
401013345,87,Notre Dame,away,NW,77,31,21,8,58,0,0,10,False,ND -10,10.0,50.0,-383,303
401013171,87,Notre Dame,home,FSU,52,42,13,8,74,5,35,29,False,ND -17,-17.0,51.5,-901,603
401013182,87,Notre Dame,home,SYR,183,36,3,7,55,3,45,33,False,ND -10,-10.0,64.5,-366,288
401012800,87,Notre Dame,away,USC,30,24,17,3,38,8,71,7,True,ND -14,14.0,55.0,-612,446
401112436,87,Notre Dame,away,LOU,97,35,17,4,20,8,50,18,False,ND -19.5,19.5,54.5,-1250,730
401114336,87,Notre Dame,home,UNM,167,66,14,7,53,5,39,52,False,ND -35,-35.0,64.0,,
401112472,87,Notre Dame,home,UVA,258,35,20,9,50,6,52,15,False,ND -10.5,-10.5,46.5,-550,430
401114337,87,Notre Dame,home,BGSU,189,52,0,1,5,6,39,52,False,ND -45.5,-45.5,63.5,,
401114222,87,Notre Dame,home,USC,30,30,27,5,45,2,20,3,True,ND -10.5,-10.5,59.5,-478,395
401112501,87,Notre Dame,home,VT,259,21,20,7,75,6,53,1,True,ND -17.5,-17.5,59.0,-1003,631
401111654,87,Notre Dame,away,DUKE,150,38,7,8,56,8,63,31,False,ND -7,7.0,49.5,-297,233
401114338,87,Notre Dame,home,NAVY,2426,52,20,2,15,2,20,32,False,ND -7.5,-7.5,55.5,-296,233
401112514,87,Notre Dame,home,BC,103,40,7,8,54,2,25,33,False,ND -20.5,-20.5,65.5,-1529,805
401114212,87,Notre Dame,away,STAN,24,45,24,11,95,6,56,21,False,ND -17,17.0,45.5,-1051,645
401135276,87,Notre Dame,away,ISU,66,33,9,3,30,1,5,24,False,ND -3.5,3.5,54.5,-178,147
401234574,87,Notre Dame,home,DUKE,150,27,13,4,39,4,31,14,False,ND -21.5,-21.5,51.0,-1803,907
401241282,87,Notre Dame,home,USF,58,52,0,2,25,4,40,52,False,ND -22.5,-22.5,49.0,-2284,1033
401234606,87,Notre Dame,home,FSU,52,42,26,4,28,7,59,16,False,ND -20.5,-20.5,53.5,-1490,815
401234613,87,Notre Dame,home,LOU,97,12,7,3,18,7,60,5,True,ND -15.5,-15.5,62.0,-709,485
401234622,87,Notre Dame,away,PITT,221,45,3,7,63,12,93,42,False,ND -10,10.0,43.5,-411,303
401234626,87,Notre Dame,away,GT,59,31,13,5,50,6,50,18,False,ND -20.5,20.5,58.5,-1279,739
401234637,87,Notre Dame,away,BC,103,45,31,8,69,6,56,14,False,ND -13,13.0,51.5,-527,383
401234650,87,Notre Dame,away,UNC,153,31,17,4,24,9,90,14,False,ND -4.5,4.5,69.5,-215,230
401234662,87,Notre Dame,home,SYR,183,45,21,4,40,8,90,24,False,ND -34,-34.0,51.0,-158,1505
401282614,87,Notre Dame,away,FSU,52,41,38,5,38,9,54,3,True,ND -7.5,7.5,54.0,-303,237
401282705,87,Notre Dame,home,TOL,2649,32,29,3,27,11,99,3,True,ND -16.5,-16.5,55.5,-940,585
401282706,87,Notre Dame,home,PUR,2509,27,13,8,61,7,70,14,False,ND -7.5,-7.5,58.5,-293,233
401282707,87,Notre Dame,away,WISC,275,41,13,11,93,5,33,28,False,WIS -6,-6.0,44.0,186,-233
401282708,87,Notre Dame,home,CIN,2132,13,24,7,55,5,25,-11,False,CIN -2,2.0,50.0,107,-128
401282656,87,Notre Dame,away,VT,259,32,29,7,70,5,40,3,True,VT -1,-1.0,47.0,-103,-118
401282709,87,Notre Dame,home,USC,30,31,16,4,39,9,65,15,False,ND -7.5,-7.5,59.5,-290,227
401282673,87,Notre Dame,home,UNC,153,44,34,5,40,9,75,10,False,ND -3.5,-3.5,62.5,-178,148
401282710,87,Notre Dame,home,NAVY,2426,34,6,7,75,6,44,28,False,ND -21,-21.0,47.5,-1511,869
401282688,87,Notre Dame,away,UVA,258,28,3,4,32,6,51,25,False,ND -8.5,8.5,62.0,-324,256
401282697,87,Notre Dame,home,GT,59,55,0,3,32,5,40,55,False,ND -17.5,-17.5,58.0,-855,563
401282711,87,Notre Dame,away,STAN,24,45,14,4,35,9,64,31,False,ND -21,21.0,53.0,-1471,829
401331238,87,Notre Dame,home,OKST,197,35,37,5,45,4,45,-2,True,OKST -1,1.0,45.0,-103,-117
401404125,87,Notre Dame,home,MRSH,276,21,26,4,30,6,44,-5,True,ND -20.5,-20.5,48.0,-2013,996
401403987,87,Notre Dame,home,CAL,25,24,17,8,66,6,59,7,True,ND -13.5,-13.5,41.0,-577,416
401404126,87,Notre Dame,away,UNC,153,45,32,5,46,9,64,13,False,UNC -2.5,-2.5,55.5,118,-141
401404127,87,Notre Dame,home,BYU,252,28,20,1,10,1,5,8,True,ND -3.5,-3.5,51.5,-178,148
401404016,87,Notre Dame,home,STAN,24,14,16,3,20,2,12,-2,True,ND -16.5,-16.5,53.5,-813,553
401404128,87,Notre Dame,home,UNLV,2439,44,21,4,34,5,45,23,False,ND -26,-26.0,46.5,-5308,1575
401404129,87,Notre Dame,away,SYR,183,41,24,7,60,3,30,17,False,ND -1,1.0,48.0,-111,-109
401404131,87,Notre Dame,away,NAVY,2426,35,32,8,57,4,30,3,True,ND -17,17.0,40.5,-1000,622
401404132,87,Notre Dame,home,BC,103,44,0,2,20,3,20,44,False,ND -20,-20.0,42.0,-1532,913
401404133,87,Notre Dame,away,USC,30,27,38,4,39,6,55,-11,False,USC -4.5,-4.5,62.5,168,-200
401442036,87,Notre Dame,away,SC,2579,45,38,4,40,8,73,7,True,ND -5,5.0,50.5,-208,170
401525434,87,Notre Dame,home,NAVY,2426,42,3,1,10,3,26,39,False,ND -20,-20.0,50.5,-1247,757
401525435,87,Notre Dame,home,TNST,2634,56,3,4,36,5,45,53,False,,,,,
401525436,87,Notre Dame,away,NCSU,152,45,24,10,82,8,54,21,False,,,,,
401525437,87,Notre Dame,home,CMU,2117,41,17,8,72,2,20,24,False,,,,,
401525438,87,Notre Dame,away,DUKE,150,21,14,12,70,2,28,7,True,,,,,
401525439,87,Notre Dame,away,LOU,97,20,33,3,35,6,35,-13,False,,,,,
401524031,87,Notre Dame,home,USC,30,48,20,5,54,9,75,28,False,,,,,
401525440,87,Notre Dame,home,PITT,221,58,7,6,75,5,45,51,False,,,,,
401525442,87,Notre Dame,home,WAKE,154,45,7,3,35,4,50,38,False,,,,,
401524065,87,Notre Dame,away,STAN,24,56,23,5,49,2,15,33,False,,,,,
401551798,87,Notre Dame,home,ORST,204,40,8,3,15,3,24,32,False,,,,,
401628332,87,Notre Dame,away,TA&M,245,23,13,11,99,6,55,10,False,,,,,
401628977,87,Notre Dame,home,NIU,2459,14,16,3,35,3,35,-2,True,,,,,
401628978,87,Notre Dame,away,PUR,2509,66,7,5,40,7,68,59,False,,,,,
401628979,87,Notre Dame,home,M-OH,193,28,3,8,66,10,100,25,False,,,,,
401628980,87,Notre Dame,home,LOU,97,31,24,5,45,6,50,7,True,,,,,
401628981,87,Notre Dame,home,STAN,24,49,7,4,35,3,25,42,False,,,,,
401628982,87,Notre Dame,away,GT,59,31,13,5,37,5,25,18,False,,,,,
401628983,87,Notre Dame,away,NAVY,2426,51,14,9,80,5,40,37,False,,,,,
401628984,87,Notre Dame,home,FSU,52,52,3,3,30,6,56,49,False,,,,,
401628985,87,Notre Dame,home,UVA,258,35,14,9,89,6,40,21,False,,,,,
401640959,87,Notre Dame,home,ARMY,349,49,14,5,44,2,26,35,False,,,,,
401628571,87,Notre Dame,away,USC,30,49,35,3,44,7,69,14,False,,,,,
401677179,87,Notre Dame,home,IU,84,27,17,6,35,5,46,10,False,,,,,
401754522,87,Notre Dame,away,MIA,2390,24,27,5,15,6,51,-3,True,,,,,
401752707,87,Notre Dame,home,TA&M,245,40,41,5,31,13,86,-1,True,,,,,
401752848,87,Notre Dame,home,PUR,2509,56,30,3,30,7,75,26,False,,,,,
401752717,87,Notre Dame,away,ARK,8,56,13,5,42,6,60,43,False,,,,,
401757165,87,Notre Dame,home,BOIS,68,28,7,11,112,13,112,21,False,,,,,
401754562,87,Notre Dame,home,NCSU,152,36,7,6,55,5,60,29,False,,,,,
401752871,87,Notre Dame,home,USC,30,34,24,8,96,1,5,10,False,,,,,
401754583,87,Notre Dame,away,BC,103,25,10,7,67,9,80,15,False,,,,,
401757166,87,Notre Dame,home,NAVY,2426,49,10,0,0,6,57,39,False,,,,,
401754597,87,Notre Dame,away,PITT,221,37,15,8,84,5,41,22,False,,,,,
401754604,87,Notre Dame,home,SYR,183,70,7,5,55,5,39,63,False,,,,,
401754614,87,Notre Dame,away,STAN,24,49,20,3,35,3,23,29,False,ND -32.5,32.5,51.5,,
