event_id,season,team,ha,margin,one_score,our_score,opp_score,off3conv,off3att,def3conv,def3att,sacks_taken,sacks_forced,spread,line_details,comp_att
401520156,2023,Ohio State,away,20,False,23,3,2,12,4,15,0,1,27.5,OSU -27.5,21/36
401520162,2023,Michigan,home,27,False,30,3,6,10,5,13,0,0,-34.5,MICH -34.5,26/31
401520169,2023,Penn State,home,23,False,38,15,3,9,4,14,0,0,-20.5,PSU -20.5,22/30
401520202,2023,Michigan,home,28,False,35,7,7,12,3,12,0,5,,,23/28
401520208,2023,Ohio State,home,28,False,35,7,5,12,7,15,2,1,,,21/33
401520209,2023,Penn State,home,56,False,63,7,8,14,2,11,0,4,,,25/31
401520226,2023,Penn State,away,17,False,30,13,7,18,5,16,1,3,,,17/37
401520232,2023,Michigan,home,25,False,31,6,1,5,5,15,1,3,,,8/13
401520240,2023,Ohio State,home,53,False,63,10,5,10,3,15,1,2,,,22/27
401520260,2023,Michigan,home,24,False,31,7,8,13,3,10,2,0,,,15/21
401520265,2023,Penn State,home,31,False,31,0,9,20,1,9,0,3,,,26/40
401520286,2023,Michigan,away,38,False,45,7,8,13,3,10,0,4,,,16/23
401520287,2023,Penn State,away,28,False,41,13,8,17,5,16,1,7,,,19/34
401520303,2023,Michigan,away,42,False,52,10,5,10,3,14,0,2,,,16/23
401520307,2023,Ohio State,home,20,False,37,17,3,12,8,19,2,1,,,19/29
401520321,2023,Michigan,home,45,False,52,7,6,11,6,15,4,4,,,19/22
401520322,2023,Penn State,home,63,False,63,0,7,9,5,18,1,7,,,16/23
401520323,2023,Ohio State,away,34,False,41,7,8,13,3,17,2,3,,,17/30
401520340,2023,Michigan,away,49,False,49,0,7,11,6,16,1,2,,,28/35
401520343,2023,Ohio State,home,8,True,20,12,6,16,1,16,2,3,,,22/35
401520358,2023,Penn State,home,9,False,33,24,7,18,3,11,2,2,,,20/31
401520360,2023,Ohio State,away,14,False,24,10,6,13,6,16,2,2,,,17/26
401520367,2023,Penn State,away,36,False,51,15,7,15,4,12,1,5,,,26/39
401520368,2023,Michigan,home,28,False,41,13,7,14,1,14,3,1,,,24/37
401520375,2023,Ohio State,away,19,False,35,16,6,12,4,13,1,1,,,19/26
401520393,2023,Ohio State,home,35,False,38,3,5,11,2,14,0,2,,,26/34
401520394,2023,Michigan,away,9,False,24,15,6,13,4,14,1,0,,,7/8
401520410,2023,Michigan,away,7,True,31,24,4,13,5,12,1,3,,,12/23
401520415,2023,Ohio State,home,34,False,37,3,10,16,3,12,1,2,,,22/32
401520417,2023,Penn State,home,21,False,27,6,4,9,4,13,0,3,,,7/14
401520434,2023,Michigan,home,6,True,30,24,3,12,4,9,1,1,,,17/21
401520435,2023,Penn State,away,42,False,42,0,4,11,2,13,2,6,,,19/28
401521330,2023,Ohio State,away,3,True,17,14,10,17,5,10,0,0,,,21/38
401539480,2023,Michigan,away,26,False,26,0,3,15,4,15,4,3,,,22/30
401628347,2024,Michigan,home,-19,False,12,31,3,12,10,16,1,0,,,22/33
401628452,2024,Michigan,home,20,False,30,10,4,11,2,11,1,3,,,16/27
401628455,2024,Ohio State,home,46,False,52,6,9,14,4,16,0,5,,,18/31
401628457,2024,Penn State,away,22,False,34,12,5,11,4,14,0,2,,,12/18
401628468,2024,Ohio State,home,56,False,56,0,3,10,3,15,2,3,,,25/33
401628470,2024,Penn State,home,7,True,34,27,2,9,7,14,2,0,,,13/20
401628479,2024,Michigan,home,10,False,28,18,9,12,7,19,2,1,,,13/18
401628489,2024,Michigan,home,3,True,27,24,4,15,7,19,2,4,,,7/12
401628492,2024,Ohio State,home,35,False,49,14,4,8,7,17,0,0,,,18/26
401628493,2024,Penn State,home,56,False,56,0,8,10,1,11,1,1,,,24/31
401628495,2024,Penn State,home,14,False,21,7,6,11,4,13,2,6,,,15/21
401628497,2024,Michigan,home,3,True,27,24,6,15,6,15,1,5,,,10/18
401628498,2024,Ohio State,away,31,False,38,7,8,17,2,9,0,4,,,26/40
401628504,2024,Ohio State,home,28,False,35,7,7,11,5,12,0,0,,,21/25
401628505,2024,Michigan,away,-10,False,17,27,4,12,5,11,1,4,,,13/25
401628510,2024,Penn State,home,16,False,27,11,7,12,6,15,1,1,,,17/24
401628515,2024,Ohio State,away,-1,True,31,32,4,12,6,14,1,0,,,28/35
401628516,2024,Penn State,away,3,True,33,30,4,13,2,11,0,1,,,31/44
401628518,2024,Michigan,away,-14,False,7,21,5,14,3,11,5,1,,,20/32
401628529,2024,Michigan,home,7,True,24,17,7,12,8,15,0,2,,,14/20
401628530,2024,Ohio State,home,4,True,21,17,1,10,5,16,2,3,,,13/16
401628531,2024,Penn State,away,15,False,28,13,8,14,7,18,1,0,,,25/31
401628536,2024,Michigan,home,-21,False,17,38,4,12,10,15,0,0,,,13/25
401628539,2024,Ohio State,away,7,True,20,13,6,13,3,11,3,2,,,16/24
401628541,2024,Michigan,away,-5,True,15,20,5,15,4,11,0,3,,,16/32
401628545,2024,Ohio State,home,45,False,45,0,5,12,2,12,1,3,,,21/31
401628546,2024,Penn State,home,29,False,35,6,10,13,4,13,0,4,,,20/30
401628550,2024,Ohio State,away,24,False,31,7,4,10,6,16,1,4,,,15/24
401628552,2024,Penn State,away,39,False,49,10,9,14,5,14,0,3,,,22/27
401628555,2024,Ohio State,home,23,False,38,15,4,11,6,14,1,5,,,22/26
401628557,2024,Michigan,home,44,False,50,6,11,16,5,14,1,5,,,26/35
401628559,2024,Penn State,away,1,True,26,25,1,11,5,12,2,1,,,21/28
401628565,2024,Penn State,home,37,False,44,7,5,15,2,12,0,6,,,20/30
401628566,2024,Michigan,away,3,True,13,10,7,14,6,16,0,0,,,9/16
401673464,2024,Penn State,away,-8,True,37,45,7,13,6,13,1,1,,,20/39
401752677,2025,Ohio State,home,7,True,14,7,3,12,5,14,0,1,,,13/20
401752690,2025,Michigan,away,-11,False,13,24,3,14,9,17,1,2,,,9/24
401752807,2025,Penn State,home,35,False,46,11,6,13,4,11,1,3,,,29/35
401752808,2025,Michigan,home,17,False,34,17,6,13,5,14,2,3,,,21/31
401752811,2025,Penn State,home,34,False,34,0,3,12,6,18,2,2,,,19/33
401752815,2025,Ohio State,home,70,False,70,0,5,7,3,14,0,2,,,24/28
401752827,2025,Ohio State,home,28,False,37,9,5,9,3,15,1,4,,,25/32
401752835,2025,Penn State,home,46,False,52,6,5,11,6,17,0,3,,,17/31
401752839,2025,Michigan,home,60,False,63,3,8,11,6,15,0,3,,,16/25
401752846,2025,Michigan,away,3,True,30,27,4,12,2,12,1,7,,,12/23
401752852,2025,Ohio State,away,18,False,24,6,6,10,1,11,1,5,,,22/28
401752854,2025,Penn State,home,-6,True,24,30,6,15,6,18,4,0,,,14/25
401752855,2025,Penn State,away,-5,True,37,42,4,9,10,16,1,3,,,19/26
401752856,2025,Michigan,home,14,False,24,10,5,12,4,14,1,1,,,19/28
401752859,2025,Ohio State,home,39,False,42,3,7,10,1,11,0,1,,,24/28
401752865,2025,Ohio State,away,18,False,34,16,8,15,4,14,0,4,,,19/27
401752866,2025,Penn State,home,-1,True,21,22,6,11,5,12,0,2,,,13/20
401752868,2025,Michigan,away,-18,False,13,31,2,9,6,12,3,0,,,15/26
401752873,2025,Michigan,home,17,False,24,7,6,13,5,12,1,2,,,21/28
401752875,2025,Penn State,away,-1,True,24,25,6,16,4,10,0,0,,,15/28
401752877,2025,Ohio State,away,34,False,34,0,5,11,2,11,1,3,,,36/42
401752881,2025,Michigan,away,11,False,31,20,6,15,5,16,1,4,,,8/17
401752889,2025,Ohio State,home,24,False,38,14,6,9,8,15,0,4,,,20/23
401752890,2025,Michigan,home,5,True,21,16,6,11,5,12,2,2,,,13/22
401752893,2025,Penn State,home,-3,True,24,27,8,15,5,12,2,2,,,22/31
401752897,2025,Ohio State,away,24,False,34,10,9,13,3,9,2,0,,,27/33
401752900,2025,Ohio State,home,38,False,48,10,6,11,5,13,1,0,,,26/34
401752903,2025,Penn State,away,18,False,28,10,2,10,1,10,2,4,,,8/13
401752905,2025,Michigan,away,2,True,24,22,9,14,2,12,3,1,,,21/32
401752908,2025,Penn State,home,27,False,37,10,5,9,9,18,1,3,,,11/12
401752912,2025,Ohio State,home,33,False,42,9,3,6,5,14,0,3,,,14/22
401752914,2025,Michigan,away,25,False,45,20,12,14,5,14,2,3,,,16/23
401752920,2025,Penn State,away,4,True,40,36,1,8,5,10,1,3,12.5,PSU -12.5,17/21
401752921,2025,Michigan,home,-18,False,9,27,1,9,11,17,1,0,10.0,OSU -10,8/18
401777353,2025,Ohio State,home,-3,True,10,13,4,12,6,13,5,3,-3.5,OSU -3.5,22/30
401551768,2023,Ohio State,home,-11,False,3,14,2,15,4,16,4,6,,,10/24
401551769,2023,Penn State,home,-13,False,25,38,6,15,7,18,1,1,,,20/40
401551786,2023,Michigan,home,7,True,27,20,2,11,3,13,1,6,,,17/27
401551789,2023,Michigan,home,21,False,34,13,1,10,2,14,1,1,,,10/19
401677102,2024,Michigan,home,6,True,19,13,5,17,4,13,1,5,,,11/15
401677177,2024,Ohio State,home,25,False,42,17,4,9,6,16,0,4,,,25/31
401677178,2024,Penn State,home,28,False,38,10,6,13,3,14,3,3,,,14/25
401677181,2024,Penn State,away,17,False,31,14,5,13,8,16,4,3,,,13/25
401677183,2024,Ohio State,away,20,False,41,21,4,11,8,19,0,8,,,17/26
401677189,2024,Penn State,home,-3,True,24,27,3,11,11,17,1,4,,,12/23
401677191,2024,Ohio State,away,14,False,28,14,3,10,5,15,2,4,,,24/33
401677192,2024,Ohio State,away,11,False,34,23,9,12,5,12,2,2,,,17/21
401769070,2025,Ohio State,home,-10,False,14,24,3,10,7,14,5,2,-7.5,OSU -7.5,22/35
401778317,2025,Penn State,away,12,False,22,10,11,19,5,15,2,4,-2.5,CLEM -2.5,23/35
401778330,2025,Michigan,away,-14,False,27,41,4,18,3,11,3,0,-4.0,TEX -4,23/43
400869180,2016,Michigan,home,60,False,63,3,7,7,1,11,0,4,-40.5,MICH -40.5,17/20
400869510,2016,Michigan,home,37,False,51,14,8,18,2,14,2,3,-34.5,MICH -34.5,27/41
400869111,2016,Michigan,home,17,False,45,28,5,16,1,13,3,4,-20.0,MICH -20,16/30
400869658,2016,Michigan,home,39,False,49,10,11,16,2,12,0,6,-15.5,MICH -15.5,21/35
400869664,2016,Michigan,home,7,True,14,7,3,15,4,15,4,2,-10.0,MICH -10,20/32
400869636,2016,Michigan,away,78,False,78,0,6,11,0,17,0,4,26.5,MICH -26.5,8/16
400869676,2016,Michigan,home,33,False,41,8,7,14,2,10,2,1,-28.0,MICH -28,20/28
400869681,2016,Michigan,away,9,False,32,23,5,12,4,12,0,2,21.0,MICH -21,16/25
400869685,2016,Michigan,home,56,False,59,3,3,5,6,13,1,3,-26.5,MICH -26.5,21/27
400869690,2016,Michigan,away,-1,True,13,14,5,15,4,16,2,3,18.5,MICH -18.5,11/26
400869695,2016,Michigan,home,10,False,20,10,3,15,5,15,2,3,-28.0,MICH -28,7/16
400869650,2016,Michigan,away,-3,True,27,30,9,19,3,16,2,8,-7.0,OSU -7,23/36
400876105,2016,Michigan,away,-1,True,32,33,7,20,3,13,4,2,6.5,MICH -6.5,21/38
400933830,2017,Michigan,away,16,False,33,17,6,18,2,13,5,5,4.5,MICH -4.5,12/26
400935243,2017,Michigan,home,22,False,36,14,5,15,6,19,1,4,-32.5,MICH -32.5,17/29
400935352,2017,Michigan,home,16,False,29,13,5,14,3,13,2,3,-23.0,MICH -23,14/23
400935364,2017,Michigan,away,18,False,28,10,6,15,0,12,4,5,13.0,MICH -13,21/31
400935372,2017,Michigan,home,-4,True,10,14,5,17,2,14,4,0,-12.5,MICH -12.5,16/35
400935379,2017,Michigan,away,7,True,27,20,2,13,5,17,0,2,7.0,MICH -7,10/20
400935386,2017,Michigan,away,-29,False,13,42,6,16,4,7,7,2,-7.5,PSU -7.5,16/28
400935393,2017,Michigan,home,21,False,35,14,3,9,3,11,0,5,-22.5,MICH -22.5,13/20
400935398,2017,Michigan,home,23,False,33,10,4,11,4,13,3,5,-16.0,MICH -16,8/13
400935404,2017,Michigan,away,25,False,35,10,4,11,3,16,0,1,16.5,MICH -16.5,9/18
400935416,2017,Michigan,away,-14,False,10,24,5,17,5,15,2,3,-6.5,WIS -6.5,11/26
400935420,2017,Michigan,home,-11,False,20,31,9,17,8,16,5,3,12.5,OSU -12.5,17/32
400953410,2017,Michigan,away,-7,True,19,26,2,18,2,14,2,3,9.0,MICH -9,21/45
401012888,2018,Michigan,away,-7,True,17,24,6,13,7,15,3,2,3.0,MICH -3,24/36
401012889,2018,Michigan,home,46,False,49,3,5,11,4,17,2,2,-28.0,MICH -28,13/18
401012890,2018,Michigan,home,25,False,45,20,6,13,5,14,1,2,-37.0,MICH -37,14/18
401012891,2018,Michigan,home,46,False,56,10,7,15,3,13,2,3,-18.0,MICH -18,18/31
401012892,2018,Michigan,away,3,True,20,17,7,16,5,13,1,6,14.5,MICH -14.5,15/24
401012876,2018,Michigan,home,21,False,42,21,9,14,5,13,0,2,-17.5,MICH -17.5,20/28
401012893,2018,Michigan,home,25,False,38,13,7,15,2,11,3,2,-10.0,MICH -10,14/20
401012884,2018,Michigan,away,14,False,21,7,7,18,0,12,2,4,7.5,MICH -7.5,14/25
401012894,2018,Michigan,home,35,False,42,7,8,14,2,11,1,5,-13.0,MICH -13,11/17
401012848,2018,Michigan,away,35,False,42,7,9,14,4,12,1,0,37.5,MICH -37.5,18/27
401012860,2018,Michigan,home,11,False,31,20,7,15,9,17,0,2,-28.0,MICH -28,16/28
401012895,2018,Michigan,away,-23,False,39,62,6,14,5,11,3,0,,,23/38
401032076,2018,Michigan,home,-26,False,15,41,6,15,8,16,5,3,-6.0,MICH -6,23/37
401112222,2019,Michigan,home,19,False,40,21,5,13,4,15,2,2,-36.0,MICH -36,19/33
401112223,2019,Michigan,home,3,True,24,21,9,16,5,16,4,1,-22.0,MICH -22,20/31
401112224,2019,Michigan,away,-21,False,14,35,0,11,5,13,2,1,-3.0,WIS -3,17/42
401112225,2019,Michigan,home,52,False,52,0,6,11,5,14,1,2,-27.5,MICH -27.5,20/27
401112194,2019,Michigan,home,7,True,10,3,3,13,6,17,2,8,-4.0,MICH -4,14/26
401112150,2019,Michigan,away,17,False,42,25,4,10,3,13,0,4,24.0,MICH -24,11/22
401112226,2019,Michigan,away,-7,True,21,28,7,17,4,13,1,2,-7.5,PSU -7.5,24/41
401112227,2019,Michigan,home,31,False,45,14,4,13,3,15,2,2,-1.0,MICH -1,8/14
401112208,2019,Michigan,away,31,False,38,7,7,15,4,16,0,4,21.5,MICH -21.5,16/29
401112219,2019,Michigan,home,34,False,44,10,8,13,2,13,4,3,-13.5,MICH -13.5,24/33
401112167,2019,Michigan,away,25,False,39,14,5,12,5,12,2,3,9.5,MICH -9.5,20/32
401112228,2019,Michigan,home,-29,False,27,56,2,13,9,15,2,1,9.0,OSU -9,18/43
401135286,2019,Michigan,away,-19,False,16,35,8,18,4,10,3,0,-7.5,ALA -7.5,17/37
401247294,2020,Michigan,away,25,False,49,24,4,8,6,14,1,4,3.0,MICH -3,15/25
401247305,2020,Michigan,home,-3,True,24,27,7,17,5,14,1,0,-21.5,MICH -21.5,32/52
401247309,2020,Michigan,away,-17,False,21,38,3,11,9,18,3,0,4.0,MICH -4,18/34
401247319,2020,Michigan,home,-38,False,11,49,3,11,8,13,1,1,7.0,WIS -7,13/26
401247324,2020,Michigan,away,6,True,48,42,6,16,7,18,2,2,12.0,MICH -12,32/48
401247333,2020,Michigan,home,-10,False,17,27,4,12,8,16,0,1,-1.0,MICH -1,13/28
401247339,2020,Michigan,home,0,True,0,0,,,,,0,0,-5.0,MICH -5,
401247348,2020,Michigan,away,0,True,0,0,,,,,0,0,-28.0,OSU -28,
401269385,2020,Michigan,away,0,True,0,0,,,,,0,0,-14.0,IOWA -14,
401282772,2021,Michigan,home,33,False,47,14,8,13,8,17,1,1,-16.5,MICH -16.5,13/17
401282773,2021,Michigan,home,21,False,31,10,7,16,7,17,0,4,-6.5,MICH -6.5,7/15
401282774,2021,Michigan,home,53,False,63,10,3,6,2,13,0,0,-27.5,MICH -27.5,12/17
401282775,2021,Michigan,home,7,True,20,13,4,11,7,16,0,1,-20.5,MICH -20.5,9/16
401282776,2021,Michigan,away,21,False,38,17,6,19,3,14,0,6,-2.5,WIS -2.5,18/30
401282778,2021,Michigan,away,3,True,32,29,6,15,3,11,1,1,2.5,MICH -2.5,22/39
401282779,2021,Michigan,home,26,False,33,7,12,20,4,14,1,1,-23.5,MICH -23.5,23/32
401282777,2021,Michigan,away,-4,True,33,37,8,17,4,13,0,3,4.0,MICH -4,31/48
401282727,2021,Michigan,home,22,False,29,7,3,12,4,14,2,2,-20.5,MICH -20.5,15/28
401282780,2021,Michigan,away,4,True,21,17,6,15,7,21,2,7,2.5,MICH -2.5,19/29
401282770,2021,Michigan,away,41,False,59,18,7,13,3,14,1,2,15.5,MICH -15.5,29/40
401282781,2021,Michigan,home,15,False,42,27,5,8,8,18,0,4,6.5,OSU -6.5,14/20
401331447,2021,Michigan,away,39,False,42,3,4,10,5,19,1,1,12.0,MICH -12,18/28
401331234,2021,Michigan,home,-23,False,11,34,8,15,10,16,4,0,7.5,UGA -7.5,18/36
401405067,2022,Michigan,home,44,False,51,7,3,10,2,11,1,7,-31.0,MICH -31,18/28
401405077,2022,Michigan,home,46,False,56,10,2,6,7,19,2,1,-52.5,MICH -52.5,17/22
401404149,2022,Michigan,home,59,False,59,0,9,13,2,14,2,0,-47.5,MICH -47.5,21/26
401405097,2022,Michigan,home,7,True,34,27,5,12,6,14,2,3,-17.0,MICH -17,18/26
401405100,2022,Michigan,away,13,False,27,14,4,11,4,11,1,4,10.5,MICH -10.5,18/24
401405108,2022,Michigan,away,21,False,31,10,7,14,5,15,0,7,23.5,MICH -23.5,28/36
401405115,2022,Michigan,home,24,False,41,17,11,17,4,12,1,2,-7.0,MICH -7,17/24
401405125,2022,Michigan,home,22,False,29,7,9,16,2,11,0,2,-22.5,MICH -22.5,15/26
401405133,2022,Michigan,away,35,False,52,17,7,17,3,13,1,3,26.5,MICH -26.5,13/27
401405137,2022,Michigan,home,31,False,34,3,4,10,5,15,2,2,-30.5,MICH -30.5,10/20
401405145,2022,Michigan,home,2,True,19,17,7,19,5,13,0,0,-17.0,MICH -17,18/34
401405153,2022,Michigan,away,22,False,45,23,7,16,5,16,1,1,-9.0,OSU -9,13/25
401437031,2022,Michigan,home,21,False,43,22,6,12,9,18,0,4,-16.0,MICH -16,11/17
401442016,2022,Michigan,home,-6,True,45,51,3,13,8,16,4,1,-8.0,MICH -8,21/35
400869260,2016,Ohio State,home,67,False,77,10,11,13,3,16,0,2,-27.0,OSU -27,27/39
400869516,2016,Ohio State,home,45,False,48,3,5,14,4,16,1,1,-28.5,OSU -28.5,14/22
400869613,2016,Ohio State,away,21,False,45,24,6,14,5,13,1,3,2.5,OSU -2.5,14/20
400869635,2016,Ohio State,home,58,False,58,0,10,16,4,14,0,3,-37.0,OSU -37,25/36
400869643,2016,Ohio State,home,21,False,38,17,5,14,6,17,1,1,-32.0,OSU -32,9/21
400869644,2016,Ohio State,away,7,True,30,23,6,15,6,15,2,4,9.5,OSU -9.5,17/29
400869645,2016,Ohio State,away,-3,True,21,24,9,22,2,13,6,1,20.0,OSU -20,28/43
400869646,2016,Ohio State,home,4,True,24,20,10,17,8,16,1,1,-24.0,OSU -24,21/32
400869647,2016,Ohio State,home,59,False,62,3,11,15,5,16,0,0,-15.5,OSU -15.5,32/44
400869648,2016,Ohio State,away,59,False,62,3,7,13,1,15,2,5,28.0,OSU -28,24/36
400869649,2016,Ohio State,away,1,True,17,16,7,17,3,12,3,2,,,10/22
400876108,2016,Ohio State,away,-31,False,0,31,3,14,8,17,3,2,3.0,OSU -3,19/33
400935229,2017,Ohio State,away,28,False,49,21,8,19,9,20,1,5,21.0,OSU -21,20/35
400934502,2017,Ohio State,home,-15,False,16,31,7,15,4,11,3,2,-7.5,OSU -7.5,19/35
400934563,2017,Ohio State,home,31,False,38,7,4,8,4,15,2,0,-31.5,OSU -31.5,29/37
400935363,2017,Ohio State,home,33,False,54,21,3,11,3,13,3,4,-40.0,OSU -40,31/44
400935369,2017,Ohio State,away,56,False,56,0,5,11,6,18,2,1,28.5,OSU -28.5,20/31
400935375,2017,Ohio State,home,48,False,62,14,7,12,1,16,0,5,-30.0,OSU -30,23/36
400935381,2017,Ohio State,away,42,False,56,14,10,13,5,15,1,0,24.0,OSU -24,31/39
400935394,2017,Ohio State,home,1,True,39,38,5,12,7,15,2,2,-7.0,OSU -7,33/39
400935397,2017,Ohio State,away,-31,False,24,55,4,10,5,12,1,1,21.0,OSU -21,18/34
400935407,2017,Ohio State,home,45,False,48,3,7,12,4,17,0,6,-17.5,OSU -17.5,15/23
400935414,2017,Ohio State,home,38,False,52,14,10,18,1,12,1,2,-41.0,OSU -41,16/29
400955156,2017,Ohio State,away,6,True,27,21,6,16,5,16,0,3,3.5,OSU -3.5,12/26
400953404,2017,Ohio State,home,17,False,24,7,2,12,6,19,3,8,-9.5,OSU -9.5,11/17
401012682,2018,Ohio State,home,46,False,77,31,12,15,6,16,0,4,-40.0,OSU -40,25/34
401012821,2018,Ohio State,home,49,False,52,3,9,14,4,15,2,3,-35.5,OSU -35.5,30/33
401013074,2018,Ohio State,away,12,False,40,28,4,12,7,15,1,2,12.5,OSU -12.5,24/38
401013346,2018,Ohio State,home,43,False,49,6,5,10,4,12,4,3,-37.5,OSU -37.5,31/38
401013347,2018,Ohio State,away,1,True,27,26,4,17,3,17,1,4,3.5,OSU -3.5,22/39
401012855,2018,Ohio State,home,23,False,49,26,8,16,3,14,1,3,-27.0,OSU -27,33/44
401013331,2018,Ohio State,home,16,False,30,14,6,14,4,9,3,2,-29.5,OSU -29.5,33/44
401013348,2018,Ohio State,away,-29,False,20,49,11,22,6,15,1,2,12.5,OSU -12.5,49/73
401013341,2018,Ohio State,home,5,True,36,31,3,9,4,14,1,1,-17.5,OSU -17.5,18/32
401012886,2018,Ohio State,away,20,False,26,6,6,18,2,16,2,0,3.5,OSU -3.5,24/39
401012878,2018,Ohio State,away,1,True,52,51,9,15,3,13,1,4,14.0,OSU -14,28/38
401056702,2018,Ohio State,home,21,False,45,24,10,18,5,15,4,4,-16.5,OSU -16.5,34/41
401032085,2018,Ohio State,home,5,True,28,23,3,13,9,20,3,2,-6.5,OSU -6.5,25/37
401112251,2019,Ohio State,home,24,False,45,21,7,14,5,17,2,4,-28.0,OSU -28,19/26
401112252,2019,Ohio State,home,42,False,42,0,7,11,3,14,1,5,-15.0,OSU -15,22/27
401112159,2019,Ohio State,away,41,False,51,10,5,10,3,17,2,5,17.5,OSU -17.5,17/29
401112253,2019,Ohio State,home,71,False,76,5,1,5,4,17,1,5,-38.5,OSU -38.5,22/30
401112241,2019,Ohio State,away,41,False,48,7,10,13,4,12,3,4,17.0,OSU -17,15/22
401112216,2019,Ohio State,home,24,False,34,10,8,15,4,13,3,4,-20.0,OSU -20,17/25
401112248,2019,Ohio State,away,49,False,52,3,8,14,5,18,1,1,27.0,OSU -27,19/26
401112254,2019,Ohio State,home,31,False,38,7,9,14,4,13,5,5,-14.5,OSU -14.5,12/22
401112209,2019,Ohio State,home,59,False,73,14,9,14,2,12,2,7,-42.5,OSU -42.5,26/38
401112255,2019,Ohio State,away,35,False,56,21,8,13,6,18,1,1,52.0,OSU -52,21/34
401112256,2019,Ohio State,home,11,False,28,17,7,13,6,15,2,4,-20.0,OSU -20,16/22
401132983,2019,Ohio State,away,13,False,34,21,6,14,7,15,5,2,16.5,OSU -16.5,20/32
401135279,2019,Ohio State,home,-6,True,23,29,7,18,5,14,4,3,2.5,CLEM -2.5,30/46
401247293,2020,Ohio State,home,35,False,52,17,8,13,4,10,3,3,-27.5,OSU -27.5,20/21
401247306,2020,Ohio State,away,13,False,38,25,10,18,3,9,2,5,10.0,OSU -10,28/34
401247310,2020,Ohio State,home,22,False,49,27,7,12,7,17,2,1,-37.5,OSU -37.5,24/28
401247318,2020,Ohio State,away,0,True,0,0,,,,,0,0,24.5,OSU -24.5,
401247326,2020,Ohio State,home,7,True,42,35,6,14,4,13,5,2,-21.0,OSU -21,18/30
401247331,2020,Ohio State,away,0,True,0,0,,,,,0,0,28.0,OSU -28,
401247340,2020,Ohio State,away,40,False,52,12,6,12,3,17,3,3,22.5,OSU -22.5,17/24
401247349,2020,Ohio State,home,12,False,22,10,4,11,7,16,3,3,-16.5,OSU -16.5,12/27
401240173,2020,Ohio State,away,21,False,49,28,5,12,5,12,2,2,-7.5,CLEM -7.5,22/28
401240174,2020,Ohio State,away,-28,False,24,52,6,14,6,11,1,2,-9.5,ALA -9.5,17/33
401282789,2021,Ohio State,away,14,False,45,31,4,8,8,14,0,1,14.0,OSU -14,13/22
401282809,2021,Ohio State,home,-7,True,28,35,6,15,8,16,2,0,-15.0,OSU -15,35/54
401282810,2021,Ohio State,home,21,False,41,20,6,11,9,17,1,3,-24.5,OSU -24.5,15/25
401282811,2021,Ohio State,home,52,False,59,7,8,11,5,18,2,9,-48.5,OSU -48.5,18/26
401282813,2021,Ohio State,away,39,False,52,13,8,13,4,15,1,1,15.0,OSU -15,18/27
401282769,2021,Ohio State,home,49,False,66,17,7,11,5,15,1,5,-21.5,OSU -21.5,26/38
401282730,2021,Ohio State,away,47,False,54,7,6,9,5,14,1,5,21.0,OSU -21,28/37
401282814,2021,Ohio State,home,9,False,33,24,5,14,11,16,0,4,-18.5,OSU -18.5,22/34
401282799,2021,Ohio State,away,9,False,26,17,9,19,2,13,2,5,14.0,OSU -14,36/54
401282812,2021,Ohio State,home,28,False,59,31,4,7,5,10,0,0,-19.0,OSU -19,31/38
401282786,2021,Ohio State,home,49,False,56,7,6,10,5,16,2,2,-19.5,OSU -19.5,36/43
401331239,2021,Ohio State,home,3,True,48,45,4,9,5,12,0,1,4.0,UTAH -4,37/47
401404124,2022,Ohio State,home,11,False,21,10,7,13,3,13,1,3,-17.0,OSU -17,24/34
401405079,2022,Ohio State,home,33,False,45,12,5,11,5,20,1,2,-44.5,OSU -44.5,19/28
401405088,2022,Ohio State,home,56,False,77,21,11,13,4,13,0,3,-31.0,OSU -31,27/34
401405095,2022,Ohio State,home,31,False,52,21,7,11,6,13,0,1,-18.5,OSU -18.5,17/27
401405104,2022,Ohio State,home,39,False,49,10,5,10,1,11,1,1,-39.0,OSU -39,15/25
401405110,2022,Ohio State,away,29,False,49,20,5,11,3,11,1,4,27.0,OSU -27,23/28
401405119,2022,Ohio State,home,44,False,54,10,3,13,1,13,0,5,-29.5,OSU -29.5,22/32
401405126,2022,Ohio State,away,13,False,44,31,4,12,6,16,2,3,15.5,OSU -15.5,26/34
401405129,2022,Ohio State,away,14,False,21,7,4,15,9,20,0,0,37.5,OSU -37.5,10/26
401405139,2022,Ohio State,home,42,False,56,14,7,14,3,17,0,4,-40.5,OSU -40.5,19/30
401405144,2022,Ohio State,away,13,False,43,30,8,15,6,14,1,5,26.0,OSU -26,18/30
401442015,2022,Ohio State,away,-1,True,41,42,4,12,2,10,4,2,-5.5,UGA -5.5,23/34
400869261,2016,Penn State,home,20,False,33,13,5,15,5,17,1,7,-19.0,PSU -19,16/31
400869436,2016,Penn State,away,-3,True,39,42,2,10,4,12,4,0,-4.5,PITT -4.5,24/35
400869519,2016,Penn State,home,7,True,34,27,2,9,3,13,0,3,-7.0,PSU -7,18/24
400869666,2016,Penn State,home,3,True,29,26,4,15,6,18,0,2,-4.0,PSU -4,19/42
400869669,2016,Penn State,home,24,False,38,14,5,13,4,13,3,4,-3.0,PSU -3,10/19
400869682,2016,Penn State,away,38,False,62,24,2,9,9,22,1,1,10.5,PSU -10.5,13/25
400869688,2016,Penn State,home,27,False,41,14,7,14,2,10,1,4,-6.5,PSU -6.5,11/18
400869689,2016,Penn State,away,14,False,45,31,4,14,8,17,3,3,6.5,PSU -6.5,16/30
400869641,2016,Penn State,away,39,False,39,0,10,19,1,14,1,2,22.5,PSU -22.5,17/33
400869702,2016,Penn State,home,33,False,45,12,4,10,9,20,1,4,-13.5,PSU -13.5,18/24
400926946,2016,Penn State,home,7,True,38,31,3,10,5,12,1,2,1.0,WIS -1,22/31
400876111,2016,Penn State,home,-3,True,49,52,4,10,8,15,1,1,6.5,USC -6.5,18/29
400935237,2017,Penn State,home,52,False,52,0,3,9,4,17,0,3,-30.0,PSU -30,21/31
400935245,2017,Penn State,home,19,False,33,14,4,12,5,17,1,5,-20.0,PSU -20,15/28
400935356,2017,Penn State,home,56,False,56,0,4,9,11,21,1,3,-37.5,PSU -37.5,21/29
400935360,2017,Penn State,away,2,True,21,19,6,18,3,11,4,1,13.0,PSU -13,31/48
400935368,2017,Penn State,home,31,False,45,14,6,18,7,18,5,1,-19.5,PSU -19.5,24/37
400935374,2017,Penn State,away,24,False,31,7,8,16,5,19,6,7,14.5,PSU -14.5,29/41
400935399,2017,Penn State,away,-3,True,24,27,4,12,10,18,3,2,10.0,PSU -10,27/48
400935408,2017,Penn State,home,29,False,35,6,4,9,3,15,2,1,-31.5,PSU -31.5,16/21
400935415,2017,Penn State,home,12,False,56,44,8,12,5,15,2,4,-27.5,PSU -27.5,26/39
400935419,2017,Penn State,away,63,False,66,3,11,17,1,15,1,5,23.5,PSU -23.5,25/40
400953407,2017,Penn State,home,7,True,35,28,13,17,8,15,1,4,-3.0,PSU -3,32/41
401013349,2018,Penn State,home,7,True,45,38,6,15,6,16,1,2,-24.5,PSU -24.5,20/35
401013105,2018,Penn State,away,45,False,51,6,4,12,4,15,1,4,7.5,PSU -7.5,15/31
401013350,2018,Penn State,home,53,False,63,10,5,12,7,20,1,7,-35.5,PSU -35.5,14/25
401012807,2018,Penn State,away,39,False,63,24,9,11,4,12,1,1,26.5,PSU -26.5,13/20
401012883,2018,Penn State,home,-4,True,17,21,3,14,5,20,1,3,-13.5,PSU -13.5,19/32
401012857,2018,Penn State,away,5,True,33,28,5,15,9,21,3,6,14.0,PSU -14,20/37
401012868,2018,Penn State,home,6,True,30,24,4,14,7,20,3,3,-4.5,PSU -4.5,13/29
401013351,2018,Penn State,home,12,False,22,10,6,15,4,15,3,5,-7.5,PSU -7.5,19/25
401012849,2018,Penn State,away,13,False,20,7,11,19,5,15,0,4,27.0,PSU -27,17/37
401012879,2018,Penn State,home,35,False,38,3,3,7,5,15,1,5,-13.0,PSU -13,14/24
401032088,2018,Penn State,home,-3,True,24,27,4,14,3,14,6,4,-6.5,PSU -6.5,17/35
401112257,2019,Penn State,home,72,False,79,7,1,8,1,15,0,7,,,25/37
401112258,2019,Penn State,home,32,False,45,13,2,9,10,23,3,1,-31.0,PSU -31,16/22
401112259,2019,Penn State,home,7,True,17,10,4,13,5,16,3,3,-17.0,PSU -17,14/30
401112204,2019,Penn State,away,59,False,59,0,9,14,4,15,0,4,6.5,PSU -6.5,29/40
401112260,2019,Penn State,home,28,False,35,7,8,15,1,15,1,10,-28.5,PSU -28.5,20/29
401112195,2019,Penn State,away,5,True,17,12,10,19,8,18,3,2,3.5,PSU -3.5,12/24
401112218,2019,Penn State,away,21,False,28,7,4,14,5,17,2,2,5.5,PSU -5.5,18/32
401112235,2019,Penn State,away,-5,True,26,31,8,16,4,10,2,1,6.5,PSU -6.5,23/44
401112166,2019,Penn State,home,7,True,34,27,7,14,7,13,2,2,-15.0,PSU -15,11/23
401112261,2019,Penn State,home,21,False,27,6,3,10,7,16,4,3,-39.0,PSU -39,8/15
401135277,2019,Penn State,home,14,False,53,39,7,13,7,16,4,6,-6.5,PSU -6.5,11/20
401247295,2020,Penn State,away,-1,True,35,36,9,17,4,12,1,3,6.5,PSU -6.5,24/35
401247312,2020,Penn State,home,-16,False,19,35,9,20,9,16,7,3,-27.5,PSU -27.5,27/57
401247320,2020,Penn State,away,-7,True,23,30,8,17,4,12,2,1,2.5,PSU -2.5,19/39
401247327,2020,Penn State,home,-20,False,21,41,7,15,7,15,5,3,-1.0,PSU -1,26/38
401247336,2020,Penn State,away,16,False,23,7,4,15,3,15,2,2,13.0,PSU -13,15/22
401247346,2020,Penn State,home,15,False,39,24,4,12,2,12,0,4,-14.5,PSU -14.5,20/30
401269381,2020,Penn State,home,35,False,56,21,4,12,4,15,5,3,-16.0,PSU -16,19/27
401282815,2021,Penn State,away,6,True,16,10,3,13,7,22,2,2,-5.5,WIS -5.5,18/33
401282816,2021,Penn State,home,31,False,44,13,6,13,4,16,2,1,-22.5,PSU -22.5,22/31
401282070,2021,Penn State,home,8,True,28,20,5,10,10,17,1,0,-4.0,PSU -4,29/33
401282817,2021,Penn State,home,21,False,38,17,3,12,4,14,3,3,-29.5,PSU -29.5,22/31
401282729,2021,Penn State,home,24,False,24,0,6,16,3,14,0,2,-12.5,PSU -12.5,18/34
401282758,2021,Penn State,away,-3,True,20,23,5,16,7,19,1,3,-2.5,IOWA -2.5,22/46
401282717,2021,Penn State,home,-2,True,18,20,4,17,9,18,6,6,-24.5,PSU -24.5,19/34
401282768,2021,Penn State,away,17,False,31,14,10,18,4,15,3,1,10.0,PSU -10,27/47
401282818,2021,Penn State,home,28,False,28,0,5,15,4,16,1,2,-14.0,PSU -14,17/32
401282785,2021,Penn State,away,-3,True,27,30,5,13,9,18,4,0,4.5,PSU -4.5,23/34
401331236,2021,Penn State,away,-14,False,10,24,6,15,4,14,2,5,-3.5,ARK -3.5,15/35
401405064,2022,Penn State,away,4,True,35,31,5,14,5,16,1,2,3.5,PSU -3.5,22/41
401405080,2022,Penn State,home,36,False,46,10,3,12,4,15,5,1,-28.0,PSU -28,31/42
401403882,2022,Penn State,away,29,False,41,12,5,11,5,15,0,6,2.5,PSU -2.5,17/23
401405098,2022,Penn State,home,19,False,33,14,5,13,5,15,1,2,-28.0,PSU -28,24/39
401405105,2022,Penn State,home,10,False,17,7,4,15,4,16,0,1,-25.5,PSU -25.5,10/20
401405120,2022,Penn State,home,28,False,45,17,5,11,2,13,0,1,-5.0,PSU -5,24/33
401405132,2022,Penn State,away,31,False,45,14,7,16,4,15,1,6,13.5,PSU -13.5,24/35
401405140,2022,Penn State,home,30,False,30,0,5,15,4,15,0,7,-10.5,PSU -10.5,16/30
401405147,2022,Penn State,away,45,False,55,10,4,16,4,19,0,0,18.5,PSU -18.5,22/36
401405154,2022,Penn State,home,19,False,35,16,8,16,4,14,3,3,-19.0,PSU -19,20/25
401442014,2022,Penn State,away,14,False,35,21,7,13,11,19,3,6,1.5,PSU -1.5,16/22
400868969,2016,Alabama,home,46,False,52,6,6,15,4,18,3,3,-9.0,ALA -9,12/18
400868980,2016,Alabama,home,28,False,38,10,9,18,6,16,2,4,-24.0,ALA -24,25/42
400868997,2016,Alabama,away,5,True,48,43,7,15,5,15,1,2,9.5,ALA -9.5,19/31
400869002,2016,Alabama,home,48,False,48,0,6,14,1,13,2,3,-41.5,ALA -41.5,22/34
400869010,2016,Alabama,home,28,False,34,6,9,14,6,17,2,3,-32.5,ALA -32.5,25/38
400869018,2016,Alabama,away,19,False,49,30,4,8,8,16,0,6,13.0,ALA -13,13/17
400869028,2016,Alabama,away,39,False,49,10,6,12,3,16,2,3,9.0,ALA -9,18/28
400869029,2016,Alabama,home,19,False,33,14,7,14,5,16,3,5,-16.5,ALA -16.5,15/25
400869044,2016,Alabama,away,10,False,10,0,7,17,4,15,1,5,7.0,ALA -7,10/19
400869049,2016,Alabama,home,48,False,51,3,7,13,7,20,1,3,-28.5,ALA -28.5,31/41
400869056,2016,Alabama,home,28,False,31,3,4,13,2,13,3,0,-48.5,ALA -48.5,15/21
400869068,2016,Alabama,home,18,False,30,12,8,16,2,12,0,1,-20.0,ALA -20,28/37
400926943,2016,Alabama,away,38,False,54,16,5,10,7,16,2,4,21.5,ALA -21.5,11/20
400876107,2016,Alabama,home,17,False,24,7,4,14,6,17,3,5,-14.0,ALA -14,7/14
400876570,2016,Clemson,away,4,True,35,31,7,18,2,15,4,0,-6.0,ALA -6,36/57
400933827,2017,Alabama,home,17,False,24,7,3,16,4,13,2,3,-7.5,ALA -7.5,10/18
400933841,2017,Alabama,home,31,False,41,10,4,10,3,11,1,1,-42.5,ALA -42.5,20/27
400933854,2017,Alabama,home,18,False,41,23,7,12,10,18,0,0,-31.0,ALA -31,13/21
400933871,2017,Alabama,away,59,False,59,0,9,15,1,10,1,0,20.0,ALA -20,17/27
400933872,2017,Alabama,home,63,False,66,3,7,15,0,13,0,5,-30.0,ALA -30,15/24
400933884,2017,Alabama,away,8,True,27,19,4,14,3,14,3,4,26.5,ALA -26.5,13/22
400933886,2017,Alabama,home,32,False,41,9,5,11,5,18,2,5,-37.0,ALA -37,13/21
400933893,2017,Alabama,home,38,False,45,7,7,13,1,12,2,4,-36.5,ALA -36.5,22/33
400933904,2017,Alabama,home,14,False,24,10,5,14,9,19,4,6,-20.5,ALA -20.5,11/24
400933916,2017,Alabama,away,7,True,31,24,3,9,8,15,5,1,14.5,ALA -14.5,10/18
400933921,2017,Alabama,home,56,False,56,0,4,6,5,16,0,0,-49.0,ALA -49,14/18
400933932,2017,Alabama,away,-12,False,14,26,3,11,9,18,2,1,5.0,ALA -5,13/23
400953413,2017,Clemson,home,-18,False,6,24,8,19,8,17,5,2,3.5,ALA -3.5,18/37
400953415,2017,Alabama,away,3,True,26,23,3,14,8,19,3,4,3.5,ALA -3.5,17/32
401012246,2018,Alabama,home,37,False,51,14,10,15,4,15,1,3,-24.0,ALA -24,17/26
401012260,2018,Alabama,home,50,False,57,7,10,15,4,19,1,2,-37.0,ALA -37,20/29
401012277,2018,Alabama,away,55,False,62,7,6,13,4,16,1,4,22.5,ALA -22.5,19/28
401012284,2018,Alabama,home,22,False,45,23,4,10,3,12,0,7,-24.5,ALA -24.5,25/33
401012292,2018,Alabama,home,42,False,56,14,7,9,4,12,1,2,-49.0,ALA -49,13/16
401012300,2018,Alabama,away,34,False,65,31,3,6,6,12,0,1,35.0,ALA -35,14/18
401012307,2018,Alabama,home,29,False,39,10,6,13,6,16,1,4,-28.5,ALA -28.5,19/30
401012318,2018,Alabama,away,37,False,58,21,4,8,3,13,0,3,29.0,ALA -29,21/32
401012327,2018,Alabama,away,29,False,29,0,8,14,5,16,1,5,,,25/42
401012331,2018,Alabama,home,24,False,24,0,4,12,1,13,4,5,-22.5,ALA -22.5,17/27
401012338,2018,Alabama,home,33,False,50,17,3,5,6,17,0,1,-54.5,ALA -54.5,21/26
401012350,2018,Alabama,home,31,False,52,21,5,11,9,19,1,3,-26.5,ALA -26.5,26/33
401056705,2018,Alabama,away,7,True,35,28,5,11,5,16,2,2,12.0,ALA -12,17/34
401032078,2018,Alabama,home,11,False,45,34,7,10,6,13,1,3,-14.5,ALA -14.5,25/28
401032087,2018,Clemson,away,28,False,44,16,10,15,4,13,0,2,-5.5,ALA -5.5,20/32
401110720,2019,Alabama,home,39,False,42,3,6,12,3,12,1,1,-34.5,ALA -34.5,30/36
401110773,2019,Alabama,home,52,False,62,10,7,14,4,15,0,3,-55.5,ALA -55.5,21/33
401110794,2019,Alabama,away,24,False,47,23,6,12,8,18,2,2,26.5,ALA -26.5,31/39
401110797,2019,Alabama,home,42,False,49,7,6,10,2,11,1,2,-38.0,ALA -38,20/25
401110806,2019,Alabama,home,28,False,59,31,6,12,8,20,2,1,-38.0,ALA -38,26/37
401110822,2019,Alabama,away,19,False,47,28,8,13,5,12,1,5,17.0,ALA -17,21/34
401110824,2019,Alabama,home,22,False,35,13,6,10,7,15,2,3,-35.0,ALA -35,18/24
401110831,2019,Alabama,home,41,False,48,7,8,13,3,12,0,1,-32.0,ALA -32,24/30
401110842,2019,Alabama,home,-5,True,41,46,6,15,8,15,1,5,-6.0,ALA -6,21/40
401110851,2019,Alabama,away,31,False,38,7,6,10,3,12,1,1,19.0,ALA -19,21/29
401110855,2019,Alabama,home,63,False,66,3,5,8,2,12,0,4,-58.5,ALA -58.5,12/15
401110865,2019,Alabama,away,-3,True,45,48,6,14,5,13,1,0,3.5,ALA -3.5,26/39
401236951,2020,Alabama,away,19,False,38,19,9,14,8,16,2,3,28.5,ALA -28.5,23/32
401237093,2020,Alabama,home,28,False,52,24,5,10,10,17,1,0,-18.0,ALA -18,20/27
401237100,2020,Alabama,away,15,False,63,48,6,7,9,17,1,2,24.0,ALA -24,28/32
401237107,2020,Alabama,home,17,False,41,24,6,11,7,16,3,2,-6.0,ALA -6,24/33
401237114,2020,Alabama,away,31,False,48,17,7,12,4,16,2,0,21.5,ALA -21.5,28/36
401237119,2020,Alabama,home,41,False,41,0,6,14,2,15,1,2,-29.5,ALA -29.5,24/33
401237128,2020,Alabama,away,0,True,0,0,,,,,0,0,28.0,ALA -28,
401237135,2020,Alabama,home,60,False,63,3,6,9,2,13,1,2,-31.5,ALA -31.5,18/26
401237142,2020,Alabama,home,29,False,42,13,6,10,9,19,2,4,-24.5,ALA -24.5,18/26
401265817,2020,Alabama,away,38,False,55,17,4,9,5,15,1,5,28.5,ALA -28.5,20/29
401267164,2020,Alabama,away,49,False,52,3,10,14,5,15,0,8,30.0,ALA -30,27/33
401237074,2020,Alabama,away,6,True,52,46,9,15,8,11,2,5,16.0,ALA -16,33/43
401240152,2020,Alabama,home,17,False,31,14,6,10,8,16,1,2,-19.5,ALA -19.5,25/30
401281942,2021,Alabama,away,31,False,44,13,10,16,6,14,1,4,19.5,ALA -19.5,28/39
401282056,2021,Alabama,home,34,False,48,14,5,13,3,12,2,3,,,20/31
401282071,2021,Alabama,away,2,True,31,29,7,13,4,12,2,1,14.0,ALA -14,22/35
401282081,2021,Alabama,home,49,False,63,14,6,10,5,15,2,2,-45.0,ALA -45,23/26
401282089,2021,Alabama,home,21,False,42,21,6,13,5,14,3,2,-15.0,ALA -15,20/26
401282103,2021,Alabama,away,-3,True,38,41,9,18,4,10,4,0,18.5,ALA -18.5,28/48
401282107,2021,Alabama,away,40,False,49,9,12,16,7,16,2,7,17.5,ALA -17.5,20/28
401282111,2021,Alabama,home,28,False,52,24,15,20,2,13,2,3,-25.5,ALA -25.5,31/43
401282120,2021,Alabama,home,6,True,20,14,4,13,5,18,4,5,-29.0,ALA -29,24/37
401282127,2021,Alabama,home,56,False,59,3,8,12,3,15,2,7,-50.5,ALA -50.5,30/37
401282135,2021,Alabama,home,7,True,42,35,6,11,7,16,4,3,-20.5,ALA -20.5,31/40
401282146,2021,Alabama,away,2,True,24,22,8,22,5,18,7,6,20.5,ALA -20.5,25/52
401282154,2021,Alabama,home,17,False,41,24,7,14,3,12,0,3,6.5,UGA -6.5,26/44
401331235,2021,Alabama,home,21,False,27,6,5,13,2,12,2,6,-13.0,ALA -13,17/28
401331242,2021,Alabama,home,-15,False,18,33,9,20,4,12,4,5,3.0,UGA -3,35/57
401403854,2022,Alabama,home,55,False,55,0,6,10,3,17,1,0,-42.0,ALA -42,27/40
401403868,2022,Alabama,away,1,True,20,19,5,15,3,12,2,3,21.0,ALA -21,27/39
401403880,2022,Alabama,home,56,False,63,7,1,6,4,17,1,4,-49.5,ALA -49.5,13/20
401403892,2022,Alabama,home,52,False,55,3,7,12,1,13,0,5,-40.5,ALA -40.5,30/43
401403902,2022,Alabama,away,23,False,49,26,9,14,5,17,1,3,17.0,ALA -17,11/22
401403909,2022,Alabama,home,4,True,24,20,5,14,5,17,4,3,-24.0,ALA -24,12/19
401403921,2022,Alabama,away,-3,True,49,52,6,13,5,10,1,1,9.0,ALA -9,35/52
401403922,2022,Alabama,home,24,False,30,6,8,17,7,22,2,4,-21.0,ALA -21,22/37
401403934,2022,Alabama,away,-1,True,31,32,6,16,5,12,2,6,13.5,ALA -13.5,25/51
401403943,2022,Alabama,away,6,True,30,24,6,14,8,16,3,3,11.0,ALA -11,21/33
401403946,2022,Alabama,home,34,False,34,0,5,12,3,13,3,0,-45.0,ALA -45,22/30
401403957,2022,Alabama,home,22,False,49,27,6,9,4,14,0,4,-22.0,ALA -22,20/30
401442018,2022,Alabama,away,25,False,45,20,4,10,7,18,2,2,7.5,ALA -7.5,15/22
401520149,2023,Alabama,home,49,False,56,7,10,13,6,16,2,3,-39.0,ALA -39,17/24
401520183,2023,Alabama,home,-10,False,24,34,5,14,7,18,5,0,,,14/27
401520244,2023,Alabama,away,14,False,17,3,5,15,5,17,5,4,,,10/23
401520250,2023,Alabama,home,14,False,24,10,6,13,3,14,4,4,,,17/21
401520285,2023,Alabama,away,23,False,40,17,5,12,5,13,4,4,,,10/13
401520310,2023,Alabama,away,6,True,26,20,4,12,4,12,6,4,,,21/33
401520316,2023,Alabama,home,3,True,24,21,6,14,4,14,5,4,,,10/21
401520333,2023,Alabama,home,14,False,34,20,5,13,8,18,4,2,,,14/21
401520362,2023,Alabama,home,14,False,42,28,11,14,4,9,2,1,,,15/23
401520386,2023,Alabama,away,28,False,49,21,7,11,3,11,0,3,,,16/25
401520401,2023,Alabama,home,56,False,66,10,6,9,4,14,1,0,,,19/24
401520427,2023,Alabama,away,3,True,27,24,6,16,4,12,1,4,,,16/24
401539483,2023,Alabama,home,3,True,27,24,3,13,4,12,4,2,,,13/23
401628319,2024,Alabama,home,63,False,63,0,8,13,3,18,1,1,,,12/18
401628335,2024,Alabama,home,26,False,42,16,5,13,2,18,3,4,,,16/26
401628350,2024,Alabama,away,32,False,42,10,8,14,3,14,2,0,,,16/22
401628374,2024,Alabama,home,7,True,41,34,3,11,3,15,0,2,,,27/33
401628384,2024,Alabama,away,-5,True,35,40,3,6,12,18,2,0,,,18/24
401628385,2024,Alabama,home,2,True,27,25,5,11,7,15,4,4,,,16/23
401628397,2024,Alabama,away,-7,True,17,24,3,14,6,14,3,3,,,25/45
401628400,2024,Alabama,home,34,False,34,0,2,9,3,13,2,1,,,16/26
401628413,2024,Alabama,away,29,False,42,13,10,13,6,14,0,2,,,12/18
401628425,2024,Alabama,home,45,False,52,7,8,15,1,9,0,1,,,23/35
401628433,2024,Alabama,away,-21,False,3,24,7,14,7,15,1,1,,,11/27
401628437,2024,Alabama,home,14,False,28,14,12,18,4,12,1,1,,,18/24
401752665,2025,Alabama,away,-14,False,17,31,6,17,5,12,3,1,,,23/43
401752681,2025,Alabama,home,73,False,73,0,9,12,6,14,0,0,,,29/33
401752696,2025,Alabama,home,24,False,38,14,2,8,6,11,1,4,,,24/30
401752718,2025,Alabama,away,3,True,24,21,13,19,2,8,1,1,,,25/39
401752726,2025,Alabama,home,16,False,30,14,7,15,5,11,4,1,,,23/31
401752734,2025,Alabama,away,3,True,27,24,6,15,1,11,4,2,,,23/31
401752738,2025,Alabama,home,17,False,37,20,5,11,5,13,0,4,,,19/29
401752751,2025,Alabama,away,7,True,29,22,8,16,6,17,2,2,,,24/43
401752759,2025,Alabama,home,11,False,20,9,4,13,5,14,0,2,,,22/36
401752765,2025,Alabama,home,-2,True,21,23,5,13,3,13,3,2,,,28/42
401752773,2025,Alabama,home,56,False,56,0,8,11,1,11,0,2,,,23/30
401752784,2025,Alabama,away,7,True,27,20,4,17,8,19,3,1,7.0,ALA -7,19/35
401777351,2025,Alabama,home,-21,False,7,28,3,14,6,16,3,1,1.5,UGA -1.5,19/39
401779840,2025,Alabama,away,10,False,34,24,2,12,7,18,4,5,-2.5,OU -2.5,18/29
401769072,2025,Alabama,away,-35,False,3,38,3,11,9,14,2,3,-7.5,IU -7.5,24/33
400868972,2016,Georgia,away,9,False,33,24,7,14,5,13,4,1,3.5,UGA -3.5,13/20
400868984,2016,Georgia,home,2,True,26,24,5,13,6,16,1,1,-49.5,UGA -49.5,13/23
400868998,2016,Georgia,away,1,True,28,27,9,21,6,16,4,0,6.0,UGA -6,29/55
400869005,2016,Georgia,away,-31,False,14,45,4,16,2,9,3,1,-6.0,MISS -6,17/37
400869013,2016,Georgia,home,-3,True,31,34,5,14,9,15,3,2,2.5,TENN -2.5,17/28
400869022,2016,Georgia,away,14,False,28,14,6,12,2,13,1,5,8.5,UGA -8.5,5/17
400869026,2016,Georgia,home,-1,True,16,17,6,17,4,14,1,3,-14.5,UGA -14.5,27/40
400869035,2016,Georgia,home,-14,False,10,24,4,14,9,18,2,3,7.5,FLA -7.5,15/33
400869043,2016,Georgia,away,3,True,27,24,6,14,3,13,0,2,2.5,UGA -2.5,17/31
400869052,2016,Georgia,home,6,True,13,7,7,17,2,12,2,2,8.0,AUB -8,20/33
400869059,2016,Georgia,home,14,False,35,21,7,13,7,13,0,2,-21.0,UGA -21,13/20
400869070,2016,Georgia,home,-1,True,27,28,8,15,3,8,0,1,-4.5,UGA -4.5,14/28
400876103,2016,Georgia,away,8,True,31,23,7,14,6,14,3,5,-1.5,TCU -1.5,12/21
400933831,2017,Georgia,home,21,False,31,10,5,14,7,18,1,2,-12.5,UGA -12.5,11/20
400933845,2017,Georgia,away,1,True,20,19,4,17,3,17,2,3,-5.5,ND -5.5,16/29
400933857,2017,Georgia,home,28,False,42,14,9,15,4,11,0,3,-33.5,UGA -33.5,9/15
400933865,2017,Georgia,home,28,False,31,3,5,11,6,16,0,0,-2.5,UGA -2.5,9/12
400933878,2017,Georgia,away,41,False,41,0,9,16,1,12,2,3,10.0,UGA -10,7/17
400933885,2017,Georgia,away,31,False,45,14,7,11,6,15,2,0,17.0,UGA -17,10/14
400933888,2017,Georgia,home,25,False,53,28,13,18,6,14,1,0,-29.0,UGA -29,18/26
400933898,2017,Georgia,away,35,False,42,7,3,8,4,15,0,4,13.5,UGA -13.5,4/7
400933906,2017,Georgia,home,14,False,24,10,8,13,4,12,1,2,-23.5,UGA -23.5,16/22
400933913,2017,Georgia,away,-23,False,17,40,3,14,4,13,4,2,2.5,UGA -2.5,13/29
400933925,2017,Georgia,home,29,False,42,13,4,8,4,13,1,3,-23.5,UGA -23.5,9/14
400933934,2017,Georgia,away,31,False,38,7,6,9,8,15,0,1,11.5,UGA -11.5,12/17
400955153,2017,Georgia,away,21,False,28,7,2,11,4,13,2,3,1.5,UGA -1.5,16/22
400953412,2017,Georgia,away,6,True,54,48,3,11,7,18,2,5,2.5,UGA -2.5,20/29
401012250,2018,Georgia,home,45,False,45,0,4,9,2,13,0,0,-48.0,UGA -48,21/27
401012268,2018,Georgia,away,24,False,41,17,4,10,6,14,2,1,9.0,UGA -9,16/19
401012275,2018,Georgia,home,42,False,49,7,7,11,7,17,2,0,-34.0,UGA -34,17/21
401012289,2018,Georgia,away,14,False,43,29,3,12,4,14,0,2,15.0,UGA -15,13/23
401012295,2018,Georgia,home,26,False,38,12,7,14,2,10,2,2,-30.0,UGA -30,17/24
401012302,2018,Georgia,home,28,False,41,13,6,11,3,12,1,1,-26.5,UGA -26.5,21/31
401012310,2018,Georgia,away,-20,False,16,36,5,14,6,19,3,3,7.0,UGA -7,16/34
401012320,2018,Georgia,home,19,False,36,17,8,14,4,12,1,1,-7.0,UGA -7,17/24
401012326,2018,Georgia,away,17,False,34,17,7,12,7,13,0,4,9.5,UGA -9.5,14/20
401012334,2018,Georgia,home,17,False,27,10,8,14,3,11,2,0,-13.0,UGA -13,15/23
401012341,2018,Georgia,home,39,False,66,27,4,6,4,13,1,3,-41.5,UGA -41.5,14/17
401012352,2018,Georgia,home,24,False,45,21,2,6,3,13,0,3,-17.0,UGA -17,15/19
401032086,2018,Georgia,home,-7,True,21,28,6,13,9,19,2,2,-13.0,UGA -13,20/34
401110732,2019,Georgia,away,24,False,30,6,1,7,3,14,0,2,23.5,UGA -23.5,15/23
401110776,2019,Georgia,home,46,False,63,17,8,10,6,16,1,6,-49.5,UGA -49.5,20/25
401110788,2019,Georgia,home,55,False,55,0,4,10,5,17,0,4,-33.0,UGA -33,26/33
401110800,2019,Georgia,home,6,True,23,17,4,11,4,13,0,0,-16.0,UGA -16,20/26
401110816,2019,Georgia,away,29,False,43,14,5,11,5,12,0,3,24.5,UGA -24.5,24/29
401110817,2019,Georgia,home,-3,True,17,20,9,18,5,17,3,0,-21.0,UGA -21,28/52
401110826,2019,Georgia,home,21,False,21,0,3,12,3,13,0,1,-24.0,UGA -24,9/12
401110838,2019,Georgia,away,7,True,24,17,12,18,2,9,0,2,6.5,UGA -6.5,20/30
401110845,2019,Georgia,home,27,False,27,0,8,18,4,14,1,2,-18.5,UGA -18.5,13/29
401110849,2019,Georgia,away,7,True,21,14,3,15,5,18,1,2,3.0,UGA -3,13/28
401110857,2019,Georgia,home,6,True,19,13,5,15,4,15,2,3,-12.0,UGA -12,11/23
401110867,2019,Georgia,away,45,False,52,7,7,13,3,17,1,1,28.5,UGA -28.5,16/32
401132981,2019,Georgia,away,-27,False,10,37,3,13,9,16,3,2,-7.0,LSU -7,20/43
401135289,2019,Georgia,away,12,False,26,14,5,16,8,18,3,3,-3.5,BAY -3.5,20/30
401237033,2020,Georgia,away,27,False,37,10,6,20,3,14,3,2,28.0,UGA -28,28/47
401237095,2020,Georgia,home,21,False,27,6,9,14,6,15,1,3,-7.5,UGA -7.5,17/28
401237103,2020,Georgia,home,23,False,44,21,8,16,4,17,1,5,-12.0,UGA -12,16/27
401237117,2020,Georgia,away,11,False,14,3,5,9,7,16,0,4,17.0,UGA -17,9/14
401237125,2020,Georgia,home,-16,False,28,44,2,13,7,16,3,1,-3.0,UGA -3,9/29
401237131,2020,Georgia,away,0,True,0,0,,,,,0,0,13.5,UGA -13.5,
401237139,2020,Georgia,home,7,True,31,24,8,13,7,13,3,2,-26.5,UGA -26.5,28/38
401237145,2020,Georgia,away,29,False,45,16,8,10,4,13,2,4,22.0,UGA -22,10/16
401237152,2020,Georgia,home,0,True,0,0,,,,,0,0,-35.5,UGA -35.5,
401267161,2020,Georgia,away,35,False,49,14,8,13,3,11,2,1,14.0,UGA -14,16/28
401267167,2020,Georgia,home,0,True,0,0,,,,,0,0,-38.5,UGA -38.5,
401256108,2020,Georgia,away,3,True,24,21,1,11,3,14,3,8,-7.0,CIN -7,27/39
401281946,2021,Clemson,home,-7,True,3,10,5,16,7,15,7,1,-2.5,CLEM -2.5,19/37
401282060,2021,Georgia,home,49,False,56,7,6,11,1,11,0,3,-22.5,UGA -22.5,14/22
401282072,2021,Georgia,home,27,False,40,13,9,12,8,17,1,2,-31.5,UGA -31.5,24/35
401282088,2021,Georgia,away,62,False,62,0,6,14,2,13,0,1,36.0,UGA -36,21/28
401282090,2021,Georgia,home,37,False,37,0,4,12,3,12,0,4,-16.5,UGA -16.5,7/11
401282097,2021,Georgia,away,24,False,34,10,5,12,5,18,1,4,14.5,UGA -14.5,14/21
401282105,2021,Georgia,home,17,False,30,13,2,7,9,19,1,3,-21.5,UGA -21.5,14/20
401282117,2021,Georgia,away,27,False,34,7,4,9,4,13,1,2,14.0,UGA -14,10/19
401282122,2021,Georgia,home,37,False,43,6,4,9,6,17,0,2,-40.0,UGA -40,20/30
401282133,2021,Georgia,away,24,False,41,17,5,12,9,20,2,6,19.5,UGA -19.5,17/29
401282136,2021,Georgia,home,49,False,56,7,6,13,3,20,0,4,-52.5,UGA -52.5,20/37
401282148,2021,Georgia,away,45,False,45,0,2,5,5,14,1,3,35.5,UGA -35.5,14/20
401403858,2022,Georgia,home,46,False,49,3,9,10,7,15,0,0,-16.0,UGA -16,30/37
401403872,2022,Georgia,home,33,False,33,0,5,13,1,13,1,1,-53.0,UGA -53,29/43
401403888,2022,Georgia,away,41,False,48,7,5,9,4,13,0,0,25.5,UGA -25.5,21/30
401403895,2022,Georgia,home,17,False,39,22,7,12,3,11,1,3,-45.0,UGA -45,27/36
401403907,2022,Georgia,away,4,True,26,22,4,13,3,13,2,2,30.5,UGA -30.5,24/43
401403911,2022,Georgia,home,32,False,42,10,6,14,5,17,1,0,-28.0,UGA -28,22/32
401403918,2022,Georgia,home,55,False,55,0,8,13,5,13,2,1,-37.5,UGA -37.5,32/41
401403928,2022,Georgia,home,22,False,42,20,6,12,4,16,0,3,-23.0,UGA -23,19/38
401403933,2022,Georgia,home,14,False,27,13,7,12,2,14,0,6,-10.0,UGA -10,17/25
401403944,2022,Georgia,away,26,False,45,19,6,13,3,14,0,1,16.5,UGA -16.5,25/37
401403949,2022,Georgia,away,10,False,16,6,6,12,3,11,0,1,22.5,UGA -22.5,13/19
401403959,2022,Georgia,home,23,False,37,14,6,13,3,13,0,4,-36.5,UGA -36.5,11/20
401437036,2022,Georgia,home,20,False,50,30,7,13,4,13,0,4,-17.5,UGA -17.5,23/29
401442010,2022,Georgia,home,58,False,65,7,9,13,2,11,0,5,-13.5,UGA -13.5,20/28
401520154,2023,Georgia,home,41,False,48,7,6,13,2,14,0,1,,,26/40
401520191,2023,Georgia,home,42,False,45,3,6,12,4,15,1,0,,,24/33
401520225,2023,Georgia,home,10,False,24,14,5,13,5,13,2,3,,,27/35
401520252,2023,Georgia,home,28,False,49,21,10,13,4,15,1,1,,,28/40
401520280,2023,Georgia,away,7,True,27,20,8,13,2,12,0,3,,,23/33
401520300,2023,Georgia,home,38,False,51,13,5,11,2,11,0,3,,,33/42
401520327,2023,Georgia,away,17,False,37,20,11,16,2,9,2,1,,,29/39
401520352,2023,Georgia,away,23,False,43,20,6,12,4,11,0,4,,,19/28
401520364,2023,Georgia,home,9,False,30,21,6,13,5,13,3,3,,,21/32
401520382,2023,Georgia,home,35,False,52,17,5,8,6,15,0,2,,,19/26
401520419,2023,Georgia,away,28,False,38,10,9,13,2,11,1,1,,,25/31
401520430,2023,Georgia,away,8,True,31,23,4,8,2,11,0,2,,,13/20
401551773,2023,Georgia,away,60,False,63,3,5,9,2,12,1,1,,,20/29
401628323,2024,Clemson,away,-31,False,3,34,4,13,4,11,2,1,,,18/29
401628339,2024,Georgia,home,45,False,48,3,4,9,3,12,1,3,,,28/37
401628354,2024,Georgia,away,1,True,13,12,5,13,9,16,0,3,,,15/24
401628381,2024,Georgia,home,18,False,31,13,7,13,4,13,2,3,,,23/29
401628386,2024,Georgia,home,10,False,41,31,5,11,2,12,0,0,,,36/48
401628398,2024,Georgia,away,15,False,30,15,6,17,2,15,1,7,,,23/41
401628408,2024,Georgia,home,14,False,34,20,4,11,3,16,2,2,,,25/40
401628414,2024,Georgia,away,-18,False,10,28,6,14,4,13,5,1,,,20/31
401628421,2024,Georgia,home,14,False,31,17,8,14,10,18,0,4,,,25/40
401628430,2024,Georgia,home,38,False,59,21,4,9,3,11,0,1,,,23/35
401628439,2024,Georgia,home,2,True,44,42,6,12,7,15,2,1,,,28/43
401673469,2024,Georgia,away,3,True,22,19,5,15,6,18,3,6,,,20/30
401677184,2024,Georgia,home,-13,False,10,23,2,12,4,14,4,1,,,20/32
401752669,2025,Georgia,home,38,False,45,7,6,16,3,15,0,0,,,19/32
401752685,2025,Georgia,home,22,False,28,6,7,13,3,13,0,2,,,27/36
401752705,2025,Georgia,away,3,True,44,41,8,17,5,12,4,1,,,23/32
401752728,2025,Georgia,home,21,False,35,14,9,12,3,11,0,2,,,18/27
401752731,2025,Georgia,away,10,False,20,10,5,14,8,17,2,1,,,24/38
401752742,2025,Georgia,home,8,True,43,35,6,11,5,9,1,0,,,26/31
401752755,2025,Georgia,away,4,True,24,20,7,15,2,11,2,0,,,20/29
401752762,2025,Georgia,away,20,False,41,21,7,12,8,16,0,3,,,18/30
401752766,2025,Georgia,home,25,False,35,10,4,11,2,12,2,2,,,24/29
401752776,2025,Georgia,home,32,False,35,3,4,10,1,11,2,2,,,25/33
401752786,2025,Georgia,away,7,True,16,9,6,14,4,11,2,1,16.5,UGA -16.5,11/21
401769073,2025,Georgia,home,-5,True,34,39,3,13,5,14,2,0,-6.0,UGA -6,19/33
400868971,2016,Clemson,away,6,True,19,13,6,17,3,17,0,3,7.5,CLEM -7.5,19/34
400869430,2016,Clemson,home,6,True,30,24,8,20,2,15,1,1,-34.0,CLEM -34,27/53
400869438,2016,Clemson,home,59,False,59,0,8,14,3,13,1,5,-54.0,CLEM -54,27/35
400869446,2016,Clemson,away,19,False,26,7,10,18,2,12,1,3,11.0,CLEM -11,32/48
400869453,2016,Clemson,home,6,True,42,36,4,9,9,19,0,5,-3.5,CLEM -3.5,20/31
400869457,2016,Clemson,away,46,False,56,10,6,12,6,19,2,3,17.0,CLEM -17,16/26
400869462,2016,Clemson,home,7,True,24,17,10,17,7,15,2,4,-17.0,CLEM -17,39/52
400869473,2016,Clemson,away,3,True,37,34,7,17,4,12,4,6,3.0,CLEM -3,27/43
400869477,2016,Clemson,home,54,False,54,0,8,15,5,16,0,2,-28.0,CLEM -28,27/40
400869485,2016,Clemson,home,-1,True,42,43,12,18,3,12,2,2,-19.0,CLEM -19,52/70
400869491,2016,Clemson,away,22,False,35,13,7,15,2,15,0,4,23.5,CLEM -23.5,23/33
400869074,2016,Clemson,home,49,False,56,7,10,15,4,13,1,3,-24.5,CLEM -24.5,30/36
400926944,2016,Clemson,away,7,True,42,35,6,11,7,15,0,4,8.5,CLEM -8.5,23/34
400937447,2017,Clemson,home,53,False,56,3,5,10,4,16,0,0,-38.0,CLEM -38,25/35
400933843,2017,Clemson,home,8,True,14,6,9,16,6,18,3,11,-6.0,CLEM -6,20/31
400937461,2017,Clemson,away,26,False,47,21,9,17,5,16,4,4,3.0,CLEM -3,23/33
400937470,2017,Clemson,home,27,False,34,7,8,16,4,16,2,1,-33.5,CLEM -33.5,17/26
400937481,2017,Clemson,away,14,False,31,17,6,16,4,15,3,2,7.0,CLEM -7,12/21
400937489,2017,Clemson,home,14,False,28,14,9,19,4,16,1,3,-21.0,CLEM -21,29/41
400937493,2017,Clemson,away,-3,True,24,27,2,11,8,19,4,6,24.0,CLEM -24,22/32
400937505,2017,Clemson,home,14,False,24,10,7,17,3,15,0,4,-14.0,CLEM -14,22/33
400937510,2017,Clemson,away,7,True,38,31,7,16,3,13,0,1,9.5,CLEM -9.5,20/38
400937516,2017,Clemson,home,17,False,31,14,8,15,3,13,2,5,-16.5,CLEM -16.5,20/30
400937521,2017,Clemson,home,58,False,61,3,7,12,4,17,1,1,-47.5,CLEM -47.5,31/41
400933937,2017,Clemson,away,24,False,34,10,7,16,6,15,1,1,13.5,CLEM -13.5,25/38
400955155,2017,Clemson,home,35,False,38,3,9,18,3,16,4,4,-12.5,CLEM -12.5,25/34
401013088,2018,Clemson,home,41,False,48,7,5,12,5,16,2,3,-50.5,CLEM -50.5,23/35
401012270,2018,Clemson,away,2,True,28,26,4,13,6,16,1,4,12.5,CLEM -12.5,17/27
401013110,2018,Clemson,home,31,False,38,7,7,12,4,14,1,5,-32.0,CLEM -32,21/31
401013120,2018,Clemson,away,28,False,49,21,5,9,3,15,1,4,16.5,CLEM -16.5,19/30
401013131,2018,Clemson,home,4,True,27,23,5,15,3,15,4,1,-24.5,CLEM -24.5,17/29
401013140,2018,Clemson,away,60,False,63,3,5,15,5,21,2,3,20.5,CLEM -20.5,25/30
401013149,2018,Clemson,home,34,False,41,7,8,15,2,13,2,1,-18.5,CLEM -18.5,32/48
401013155,2018,Clemson,away,49,False,59,10,7,16,5,18,2,3,18.0,CLEM -18,24/44
401013162,2018,Clemson,home,61,False,77,16,7,8,6,16,0,6,-38.5,CLEM -38.5,14/20
401013169,2018,Clemson,away,20,False,27,7,5,15,3,16,1,4,17.5,CLEM -17.5,29/41
401013176,2018,Clemson,home,29,False,35,6,4,14,6,19,0,4,-28.0,CLEM -28,21/39
401012355,2018,Clemson,home,21,False,56,35,8,13,7,14,0,3,-26.0,CLEM -26,27/37
401056697,2018,Clemson,away,32,False,42,10,4,12,3,17,1,2,28.0,CLEM -28,12/24
401032079,2018,Clemson,home,27,False,30,3,9,18,5,17,3,6,-10.5,CLEM -10.5,27/41
401111653,2019,Clemson,home,38,False,52,14,6,12,5,16,0,4,-36.5,CLEM -36.5,18/30
401110784,2019,Clemson,home,14,False,24,10,3,9,6,16,2,2,-16.0,CLEM -16,24/35
401112449,2019,Clemson,away,35,False,41,6,5,14,4,19,0,8,28.0,CLEM -28,23/42
401112456,2019,Clemson,home,42,False,52,10,5,9,4,14,1,2,-41.5,CLEM -41.5,17/25
401112467,2019,Clemson,away,1,True,21,20,8,15,7,17,1,3,27.5,CLEM -27.5,18/30
401112479,2019,Clemson,home,31,False,45,14,5,16,2,13,0,3,-26.5,CLEM -26.5,24/38
401112485,2019,Clemson,away,35,False,45,10,5,11,5,14,1,6,24.5,CLEM -24.5,22/33
401112490,2019,Clemson,home,52,False,59,7,7,13,2,15,1,2,-35.0,CLEM -35,25/36
401112496,2019,Clemson,home,45,False,59,14,4,8,5,15,0,0,-48.5,CLEM -48.5,19/27
401112503,2019,Clemson,away,45,False,55,10,4,12,4,13,1,2,35.0,CLEM -35,25/36
401112508,2019,Clemson,home,49,False,52,3,4,11,2,13,3,2,-34.5,CLEM -34.5,26/35
401110870,2019,Clemson,away,35,False,38,3,12,17,5,15,1,2,27.5,CLEM -27.5,28/43
401132975,2019,Clemson,home,45,False,62,17,6,9,10,18,2,2,-29.0,CLEM -29,21/29
401135295,2019,Clemson,away,-17,False,25,42,1,11,4,14,2,5,-4.5,LSU -4.5,18/37
401234562,2020,Clemson,away,24,False,37,13,8,15,5,17,2,6,34.5,CLEM -34.5,26/36
401237492,2020,Clemson,home,49,False,49,0,8,14,3,16,1,4,-50.5,CLEM -50.5,19/27
401234598,2020,Clemson,home,18,False,41,23,8,15,6,16,2,3,-28.0,CLEM -28,26/39
401234604,2020,Clemson,home,25,False,42,17,8,17,4,15,1,5,-14.5,CLEM -14.5,29/44
401234610,2020,Clemson,away,66,False,73,7,9,17,2,14,2,5,26.5,CLEM -26.5,33/49
401234618,2020,Clemson,home,26,False,47,21,8,17,4,13,1,1,-47.5,CLEM -47.5,29/47
401234624,2020,Clemson,home,6,True,34,28,7,16,4,11,1,3,-26.5,CLEM -26.5,30/43
401234632,2020,Clemson,away,-7,True,40,47,4,15,10,19,2,2,5.0,CLEM -5,29/44
401234644,2020,Clemson,away,0,True,0,0,,,,,0,0,35.5,CLEM -35.5,
401234651,2020,Clemson,home,35,False,52,17,7,18,4,17,3,6,-24.0,CLEM -24,35/52
401234657,2020,Clemson,away,35,False,45,10,3,9,4,11,0,2,23.0,CLEM -23,12/22
401256001,2020,Clemson,away,24,False,34,10,8,14,3,12,2,6,11.0,CLEM -11,25/39
401282615,2021,Clemson,home,46,False,49,3,8,13,2,16,0,1,-50.5,CLEM -50.5,23/39
401282627,2021,Clemson,home,6,True,14,8,9,15,3,15,0,4,-27.5,CLEM -27.5,18/25
401282643,2021,Clemson,away,-6,True,21,27,2,11,11,21,2,3,10.5,CLEM -10.5,12/26
401282647,2021,Clemson,home,6,True,19,13,3,14,5,15,1,4,-14.5,CLEM -14.5,13/28
401282657,2021,Clemson,away,3,True,17,14,5,15,5,15,2,2,13.5,CLEM -13.5,22/36
401282666,2021,Clemson,away,-10,False,17,27,4,11,10,19,1,2,-3.5,PITT -3.5,15/32
401282670,2021,Clemson,home,10,False,30,20,4,14,4,13,2,6,-9.5,CLEM -9.5,19/31
401282680,2021,Clemson,away,6,True,30,24,5,14,6,17,3,3,3.5,CLEM -3.5,18/31
401282684,2021,Clemson,home,37,False,44,7,5,22,0,14,0,6,-40.5,CLEM -40.5,27/57
401282693,2021,Clemson,home,21,False,48,27,7,11,8,17,0,7,-3.5,CLEM -3.5,12/20
401282152,2021,Clemson,away,30,False,30,0,3,12,4,16,0,1,11.5,CLEM -11.5,9/19
401331227,2021,Clemson,away,7,True,20,13,9,18,6,15,1,1,2.0,CLEM -2,21/33
401411101,2022,Clemson,away,31,False,41,10,7,16,2,16,3,2,24.5,CLEM -24.5,23/38
401411102,2022,Clemson,home,23,False,35,12,5,10,10,18,1,2,-45.5,CLEM -45.5,22/31
401426556,2022,Clemson,home,28,False,48,20,7,15,5,15,1,1,-33.5,CLEM -33.5,20/35
401411123,2022,Clemson,away,6,True,51,45,16,23,5,12,1,3,7.5,CLEM -7.5,26/41
401411125,2022,Clemson,home,10,False,30,20,6,14,5,14,0,3,-6.5,CLEM -6.5,21/30
401411131,2022,Clemson,away,28,False,31,3,5,14,5,18,2,4,21.0,CLEM -21,18/32
401411138,2022,Clemson,away,6,True,34,28,9,17,7,13,3,2,4.5,CLEM -4.5,15/23
401411142,2022,Clemson,home,6,True,27,21,5,15,3,11,2,5,-14.0,CLEM -14,15/25
401404130,2022,Clemson,away,-21,False,14,35,4,11,6,12,4,1,3.5,CLEM -3.5,27/40
401411158,2022,Clemson,home,15,False,31,16,4,13,3,14,2,4,-7.0,CLEM -7,20/28
401411165,2022,Clemson,home,30,False,40,10,14,19,3,11,3,5,-19.0,CLEM -19,25/37
401403962,2022,Clemson,home,-1,True,30,31,7,16,3,13,1,2,-14.0,CLEM -14,8/29
401437009,2022,Clemson,away,29,False,39,10,5,10,9,16,0,4,7.5,CLEM -7.5,28/35
401442019,2022,Clemson,home,-17,False,14,31,7,19,3,13,4,4,-4.5,CLEM -4.5,30/56
401525468,2023,Clemson,away,-21,False,7,28,7,15,5,15,2,0,12.5,CLEM -12.5,27/43
401525491,2023,Clemson,home,49,False,66,17,6,12,3,14,0,2,,,36/45
401525501,2023,Clemson,home,34,False,48,14,6,12,6,18,0,2,,,20/33
401525507,2023,Clemson,home,-7,True,24,31,6,14,4,13,2,2,,,25/38
401525514,2023,Clemson,away,17,False,31,14,7,16,9,17,3,5,,,23/37
401525517,2023,Clemson,home,5,True,17,12,6,15,2,12,0,4,,,18/28
401525529,2023,Clemson,away,-8,True,20,28,4,14,9,18,4,0,,,18/34
401525534,2023,Clemson,away,-7,True,17,24,7,18,3,13,1,3,,,33/51
401525441,2023,Clemson,home,8,True,31,23,5,15,3,13,1,2,,,13/26
401525548,2023,Clemson,home,21,False,42,21,7,16,6,16,2,4,,,23/37
401525554,2023,Clemson,home,11,False,31,20,6,19,4,14,0,3,,,21/34
401520441,2023,Clemson,away,9,False,16,7,7,16,2,13,1,2,,,15/27
401551766,2023,Clemson,away,3,True,38,35,5,16,4,11,9,2,,,30/41
401635532,2024,Clemson,home,46,False,66,20,6,12,4,13,0,1,,,32/39
401635552,2024,Clemson,home,24,False,59,35,3,10,2,10,1,2,,,21/34
401635561,2024,Clemson,home,26,False,40,14,5,12,7,17,1,4,,,15/31
401635569,2024,Clemson,away,16,False,29,13,6,15,4,16,1,2,,,19/34
401635576,2024,Clemson,away,35,False,49,14,7,11,3,11,1,3,,,33/44
401635588,2024,Clemson,home,17,False,48,31,9,15,5,13,0,4,,,25/37
401635600,2024,Clemson,home,-12,False,21,33,11,23,4,12,2,0,,,33/56
401635607,2024,Clemson,away,10,False,24,14,9,19,2,14,2,1,,,16/34
401635582,2024,Clemson,away,4,True,24,20,5,15,6,18,5,8,,,27/43
401635614,2024,Clemson,home,37,False,51,14,5,9,8,18,1,2,,,18/31
401628444,2024,Clemson,home,-3,True,14,17,7,15,7,13,1,3,,,24/37
401673463,2024,Clemson,away,3,True,34,31,7,17,9,18,3,2,,,24/41
401677176,2024,Clemson,away,-14,False,24,38,3,12,6,12,3,2,,,26/43
401752671,2025,Clemson,home,-7,True,10,17,3,13,4,11,2,1,,,19/38
401754637,2025,Clemson,home,11,False,27,16,5,12,5,13,1,4,,,18/24
401754623,2025,Clemson,away,-3,True,21,24,7,12,8,15,0,1,,,15/26
401754537,2025,Clemson,home,-13,False,21,34,3,13,3,15,0,3,,,37/61
401754552,2025,Clemson,away,28,False,38,10,4,12,2,11,2,1,,,30/39
401754558,2025,Clemson,away,31,False,41,10,6,12,3,12,1,5,,,23/33
401754565,2025,Clemson,home,-11,False,24,35,8,19,7,17,3,1,,,29/42
401754577,2025,Clemson,home,-1,True,45,46,3,10,3,14,1,2,,,27/36
401754586,2025,Clemson,home,14,False,24,10,4,15,5,15,2,6,,,20/27
401754591,2025,Clemson,away,1,True,20,19,1,13,2,11,1,1,,,22/34
401754605,2025,Clemson,home,35,False,45,10,4,12,4,17,1,1,,,23/36
401752790,2025,Clemson,away,14,False,28,14,7,17,1,11,1,5,-2.5,SC -2.5,24/39
400868946,2016,Notre Dame,away,-3,True,47,50,7,16,8,18,3,0,2.5,ND -2.5,17/30
400868947,2016,Notre Dame,home,29,False,39,10,7,15,3,12,0,0,-26.0,ND -26,19/27
400868948,2016,Notre Dame,home,-8,True,28,36,4,11,9,18,2,0,-7.0,ND -7,20/37
400868949,2016,Notre Dame,home,-3,True,35,38,5,12,6,14,3,1,-20.0,ND -20,22/37
400868950,2016,Notre Dame,away,17,False,50,33,3,12,3,15,2,1,12.0,ND -12,23/35
400868951,2016,Notre Dame,away,-7,True,3,10,1,15,2,14,5,0,2.5,ND -2.5,9/26
400868952,2016,Notre Dame,home,-7,True,10,17,5,14,7,12,4,3,0.0,EVEN,14/29
400868953,2016,Notre Dame,home,3,True,30,27,8,16,7,19,1,5,-1.0,ND -1,25/38
400868954,2016,Notre Dame,away,-1,True,27,28,9,13,8,13,1,0,-4.5,NAVY -4.5,19/27
400868919,2016,Notre Dame,home,38,False,44,6,10,13,3,11,0,2,-11.5,ND -11.5,18/29
400868955,2016,Notre Dame,home,-3,True,31,34,4,14,6,14,1,1,,,17/34
400868956,2016,Notre Dame,away,-18,False,27,45,5,17,5,12,6,0,-17.0,USC -17,21/39
400934573,2017,Notre Dame,home,33,False,49,16,6,13,5,17,2,3,-19.5,ND -19.5,17/30
400934574,2017,Notre Dame,away,29,False,49,20,9,18,4,17,0,1,14.0,ND -14,11/27
400934575,2017,Notre Dame,away,20,False,38,18,8,14,11,19,1,2,,,14/20
400934576,2017,Notre Dame,home,35,False,52,17,5,13,6,15,2,3,-21.0,ND -21,10/23
400934577,2017,Notre Dame,away,23,False,33,10,5,16,6,18,1,2,13.0,ND -13,17/31
400934578,2017,Notre Dame,home,35,False,49,14,7,13,4,13,1,5,-4.0,ND -4,9/22
400934579,2017,Notre Dame,home,21,False,35,14,9,16,5,16,2,1,-7.0,ND -7,10/19
400934580,2017,Notre Dame,home,11,False,48,37,8,16,6,14,1,1,-16.5,ND -16.5,23/38
400934581,2017,Notre Dame,away,-33,False,8,41,6,16,2,13,5,0,3.5,ND -3.5,13/27
400934582,2017,Notre Dame,home,7,True,24,17,4,8,8,18,1,0,-20.5,ND -20.5,9/18
400934583,2017,Notre Dame,away,-18,False,20,38,8,19,2,11,5,2,3.0,ND -3,12/29
400953414,2017,Notre Dame,away,4,True,21,17,6,13,10,19,4,2,-2.0,LSU -2,17/28
401013377,2018,Notre Dame,home,8,True,24,16,4,14,8,23,4,1,-34.5,ND -34.5,17/31
401012283,2018,Notre Dame,home,5,True,22,17,5,15,5,13,0,0,-14.0,ND -14,16/26
401013129,2018,Notre Dame,away,29,False,56,27,4,9,11,21,1,3,6.5,ND -6.5,25/36
401012758,2018,Notre Dame,home,21,False,38,17,9,17,3,13,1,5,-4.5,ND -4.5,24/33
401013143,2018,Notre Dame,away,22,False,45,23,9,16,10,21,2,2,6.5,ND -6.5,25/35
401013148,2018,Notre Dame,home,5,True,19,14,7,15,4,12,3,1,-21.0,ND -21,26/32
401013189,2018,Notre Dame,away,22,False,44,22,7,15,2,12,0,1,22.0,ND -22,27/33
401013345,2018,Notre Dame,away,10,False,31,21,5,14,5,15,0,5,10.0,ND -10,22/34
401013171,2018,Notre Dame,home,29,False,42,13,9,16,6,17,0,1,-17.0,ND -17,12/25
401013182,2018,Notre Dame,home,33,False,36,3,6,15,6,18,2,6,-10.0,ND -10,23/38
401012800,2018,Notre Dame,away,7,True,24,17,6,15,7,15,2,2,14.0,ND -14,22/39
401112436,2019,Notre Dame,away,18,False,35,17,5,12,6,15,2,4,19.5,ND -19.5,14/23
401114336,2019,Notre Dame,home,52,False,66,14,1,10,4,18,1,0,-35.0,ND -35,17/27
401112472,2019,Notre Dame,home,15,False,35,20,6,15,4,14,4,8,-10.5,ND -10.5,17/25
401114337,2019,Notre Dame,home,52,False,52,0,8,11,8,19,0,2,-45.5,ND -45.5,21/27
401114222,2019,Notre Dame,home,3,True,30,27,9,17,5,12,1,4,-10.5,ND -10.5,17/32
401112501,2019,Notre Dame,home,1,True,21,20,8,20,4,16,0,1,-17.5,ND -17.5,29/53
401111654,2019,Notre Dame,away,31,False,38,7,9,17,3,16,1,1,7.0,ND -7,18/32
401114338,2019,Notre Dame,home,32,False,52,20,4,9,5,16,0,2,-7.5,ND -7.5,16/22
401112514,2019,Notre Dame,home,33,False,40,7,10,19,8,18,1,4,-20.5,ND -20.5,27/41
401114212,2019,Notre Dame,away,21,False,45,24,4,14,4,14,1,2,17.0,ND -17,17/30
401135276,2019,Notre Dame,away,24,False,33,9,3,13,5,15,1,4,3.5,ND -3.5,20/28
401234574,2020,Notre Dame,home,14,False,27,13,7,16,4,15,3,4,-21.5,ND -21.5,19/31
401241282,2020,Notre Dame,home,52,False,52,0,8,14,2,15,0,2,-22.5,ND -22.5,13/21
401234596,2020,Notre Dame,away,0,True,0,0,,,,,0,0,16.5,ND -16.5,
401234606,2020,Notre Dame,home,16,False,42,26,2,7,2,14,0,4,-20.5,ND -20.5,16/25
401234613,2020,Notre Dame,home,5,True,12,7,8,15,3,9,4,0,-15.5,ND -15.5,11/19
401234622,2020,Notre Dame,away,42,False,45,3,11,18,3,13,2,3,10.0,ND -10,17/33
401234626,2020,Notre Dame,away,18,False,31,13,10,15,5,12,2,5,20.5,ND -20.5,18/26
401234637,2020,Notre Dame,away,14,False,45,31,4,9,4,11,0,1,13.0,ND -13,20/28
401234650,2020,Notre Dame,away,14,False,31,17,4,11,2,12,2,6,4.5,ND -4.5,23/33
401234662,2020,Notre Dame,home,24,False,45,21,7,15,5,14,2,1,-34.0,ND -34,24/37
401282614,2021,Notre Dame,away,3,True,41,38,6,17,7,16,4,5,7.5,ND -7.5,26/35
401282705,2021,Notre Dame,home,3,True,32,29,8,14,7,17,6,5,-16.5,ND -16.5,24/36
401282706,2021,Notre Dame,home,14,False,27,13,4,17,4,16,4,3,-7.5,ND -7.5,15/32
401282707,2021,Notre Dame,away,28,False,41,13,5,16,1,14,6,1,-6.0,WIS -6,21/37
401282708,2021,Notre Dame,home,-11,False,13,24,6,17,2,11,2,1,2.0,CIN -2,23/46
401282656,2021,Notre Dame,away,3,True,32,29,3,12,8,17,2,1,-1.0,VT -1,15/26
401282709,2021,Notre Dame,home,15,False,31,16,8,12,6,13,1,3,-7.5,ND -7.5,22/30
401282673,2021,Notre Dame,home,10,False,44,34,5,11,6,11,1,3,-3.5,ND -3.5,18/26
401282710,2021,Notre Dame,home,28,False,34,6,7,13,4,15,2,2,-21.0,ND -21,24/30
401282688,2021,Notre Dame,away,25,False,28,3,7,11,5,14,0,7,8.5,ND -8.5,18/23
401282697,2021,Notre Dame,home,55,False,55,0,5,11,3,15,3,5,-17.5,ND -17.5,18/26
401282711,2021,Notre Dame,away,31,False,45,14,2,11,3,11,2,2,21.0,ND -21,27/36
401331238,2021,Notre Dame,home,-2,True,35,37,11,20,3,14,2,1,1.0,OKST -1,38/68
401404125,2022,Notre Dame,home,-5,True,21,26,4,13,4,13,2,3,-20.5,ND -20.5,21/38
401403987,2022,Notre Dame,home,7,True,24,17,3,12,4,15,2,8,-13.5,ND -13.5,17/23
401404126,2022,Notre Dame,away,13,False,45,32,8,14,6,14,1,3,-2.5,UNC -2.5,24/34
401404127,2022,Notre Dame,home,8,True,28,20,11,16,3,9,0,1,-3.5,ND -3.5,22/28
401404016,2022,Notre Dame,home,-2,True,14,16,3,12,7,16,2,1,-16.5,ND -16.5,13/27
401404128,2022,Notre Dame,home,23,False,44,21,9,17,0,12,0,3,-26.0,ND -26,14/28
401404129,2022,Notre Dame,away,17,False,41,24,6,15,4,13,1,4,1.0,ND -1,9/19
401404131,2022,Notre Dame,away,3,True,35,32,6,13,3,11,5,1,17.0,ND -17,17/21
401404132,2022,Notre Dame,home,44,False,44,0,8,13,6,14,0,4,-20.0,ND -20,13/25
401404133,2022,Notre Dame,away,-11,False,27,38,5,7,8,12,2,2,-4.5,USC -4.5,23/26
401442036,2022,Notre Dame,away,7,True,45,38,11,19,5,15,2,3,5.0,ND -5,19/34
401525434,2023,Notre Dame,home,39,False,42,3,5,7,4,14,0,2,-20.0,ND -20,20/25
401525435,2023,Notre Dame,home,53,False,56,3,9,11,4,14,0,1,,,24/30
401525436,2023,Notre Dame,away,21,False,45,24,5,14,8,19,4,1,,,15/24
401525437,2023,Notre Dame,home,24,False,41,17,5,12,3,13,0,2,,,17/28
401525438,2023,Notre Dame,away,7,True,21,14,3,15,6,15,2,2,,,15/31
401525439,2023,Notre Dame,away,-13,False,20,33,3,13,5,14,5,2,,,22/38
401524031,2023,Notre Dame,home,28,False,48,20,3,10,6,13,0,6,,,13/20
401525440,2023,Notre Dame,home,51,False,58,7,4,8,1,11,1,2,,,24/32
401525442,2023,Notre Dame,home,38,False,45,7,5,10,5,13,0,3,,,24/34
401524065,2023,Notre Dame,away,33,False,56,23,7,9,5,16,0,4,,,8/15
401551798,2023,Notre Dame,home,32,False,40,8,9,14,1,9,2,4,,,15/19
401628332,2024,Notre Dame,away,10,False,23,13,2,12,4,13,0,1,,,18/30
401628977,2024,Notre Dame,home,-2,True,14,16,3,10,6,16,1,0,,,20/33
401628978,2024,Notre Dame,away,59,False,66,7,7,12,1,12,3,4,,,18/26
401628979,2024,Notre Dame,home,25,False,28,3,5,11,2,12,1,3,,,17/28
401628980,2024,Notre Dame,home,7,True,31,24,2,10,7,17,1,3,,,17/23
401628981,2024,Notre Dame,home,42,False,49,7,6,11,4,12,1,4,,,18/27
401628982,2024,Notre Dame,away,18,False,31,13,4,12,4,14,0,2,,,21/30
401628983,2024,Notre Dame,away,37,False,51,14,8,13,4,11,1,0,,,15/25
401628984,2024,Notre Dame,home,49,False,52,3,5,12,3,17,2,8,,,17/30
401628985,2024,Notre Dame,home,21,False,35,14,1,12,6,18,1,2,,,22/33
401640959,2024,Notre Dame,home,35,False,49,14,3,5,6,17,0,1,,,14/18
401628571,2024,Notre Dame,away,14,False,49,35,3,9,5,12,2,1,,,18/23
401677179,2024,Notre Dame,home,10,False,27,17,7,13,4,12,2,3,,,23/32
401754522,2025,Notre Dame,away,-3,True,24,27,4,9,4,13,3,1,,,19/30
401752707,2025,Notre Dame,home,-1,True,40,41,7,15,4,11,2,0,,,20/32
401752848,2025,Notre Dame,home,26,False,56,30,6,10,4,14,1,2,,,17/20
401752717,2025,Notre Dame,away,43,False,56,13,6,10,7,15,1,3,,,24/32
401757165,2025,Notre Dame,home,21,False,28,7,4,9,6,15,0,4,,,15/23
401754562,2025,Notre Dame,home,29,False,36,7,6,14,5,16,2,4,,,19/32
401752871,2025,Notre Dame,home,10,False,34,24,3,11,6,14,1,1,,,16/26
401754583,2025,Notre Dame,away,15,False,25,10,3,10,8,18,0,6,,,18/26
401757166,2025,Notre Dame,home,39,False,49,10,7,10,3,11,0,1,,,16/19
401754597,2025,Notre Dame,away,22,False,37,15,4,12,0,13,1,4,,,21/32
401754604,2025,Notre Dame,home,63,False,70,7,4,7,7,18,1,5,,,9/15
401754614,2025,Notre Dame,away,29,False,49,20,11,18,8,19,0,2,32.5,ND -32.5,23/36
